episode,total_reward
1,42.00
2,38.00
3,31.00
4,40.00
5,30.00
6,38.00
7,33.00
8,40.00
9,35.00
10,40.00
11,40.00
12,41.00
13,39.00
14,36.00
15,48.00
16,30.00
17,39.00
18,47.00
19,46.00
20,45.00
21,42.00
22,34.00
23,40.00
24,46.00
25,42.00
26,47.00
27,42.00
28,46.00
29,39.00
30,36.00
31,43.00
32,34.00
33,41.00
34,41.00
35,44.00
36,35.00
37,43.00
38,39.00
39,36.00
40,40.00
41,45.00
42,46.00
43,35.00
44,40.00
45,26.00
46,41.00
47,33.00
48,39.00
49,45.00
50,38.00
51,49.00
52,41.00
53,27.00
54,44.00
55,27.00
56,42.00
57,30.00
58,30.00
59,41.00
60,47.00
61,41.00
62,39.00
63,38.00
64,38.00
65,40.00
66,41.00
67,38.00
68,39.00
69,36.00
70,39.00
71,43.00
72,38.00
73,34.00
74,34.00
75,34.00
76,43.00
77,48.00
78,41.00
79,35.00
80,35.00
81,40.00
82,32.00
83,42.00
84,37.00
85,35.00
86,36.00
87,42.00
88,38.00
89,38.00
90,34.00
91,45.00
92,40.00
93,30.00
94,45.00
95,53.00
96,40.00
97,38.00
98,40.00
99,33.00
100,46.00
101,37.00
102,46.00
103,39.00
104,35.00
105,41.00
106,39.00
107,39.00
108,38.00
109,45.00
110,41.00
111,45.00
112,39.00
113,35.00
114,39.00
115,33.00
116,39.00
117,28.00
118,40.00
119,37.00
120,49.00
121,41.00
122,33.00
123,45.00
124,35.00
125,44.00
126,30.00
127,36.00
128,47.00
129,48.00
130,36.00
131,40.00
132,39.00
133,43.00
134,40.00
135,35.00
136,35.00
137,43.00
138,39.00
139,29.00
140,38.00
141,38.00
142,40.00
143,35.00
144,31.00
145,33.00
146,38.00
147,41.00
148,32.00
149,37.00
150,42.00
151,33.00
152,35.00
153,34.00
154,46.00
155,39.00
156,38.00
157,42.00
158,44.00
159,31.00
160,32.00
161,37.00
162,40.00
163,38.00
164,36.00
165,41.00
166,36.00
167,34.00
168,33.00
169,35.00
170,41.00
171,36.00
172,44.00
173,38.00
174,40.00
175,43.00
176,48.00
177,44.00
178,34.00
179,33.00
180,38.00
181,35.00
182,44.00
183,35.00
184,38.00
185,37.00
186,36.00
187,46.00
188,39.00
189,36.00
190,32.00
191,40.00
192,41.00
193,45.00
194,39.00
195,39.00
196,43.00
197,35.00
198,44.00
199,33.00
200,41.00
201,42.00
202,38.00
203,36.00
204,37.00
205,36.00
206,39.00
207,41.00
208,47.00
209,41.00
210,36.00
211,41.00
212,30.00
213,39.00
214,26.00
215,26.00
216,40.00
217,31.00
218,41.00
219,34.00
220,40.00
221,45.00
222,44.00
223,35.00
224,37.00
225,42.00
226,47.00
227,33.00
228,40.00
229,39.00
230,40.00
231,32.00
232,37.00
233,37.00
234,50.00
235,44.00
236,43.00
237,46.00
238,44.00
239,32.00
240,32.00
241,38.00
242,39.00
243,33.00
244,41.00
245,35.00
246,39.00
247,45.00
248,33.00
249,29.00
250,35.00
251,45.00
252,37.00
253,43.00
254,45.00
255,24.00
256,49.00
257,42.00
258,45.00
259,38.00
260,35.00
261,38.00
262,47.00
263,37.00
264,36.00
265,44.00
266,37.00
267,45.00
268,43.00
269,43.00
270,41.00
271,37.00
272,31.00
273,39.00
274,34.00
275,46.00
276,26.00
277,36.00
278,47.00
279,40.00
280,43.00
281,33.00
282,37.00
283,43.00
284,38.00
285,42.00
286,31.00
287,39.00
288,39.00
289,43.00
290,35.00
291,42.00
292,32.00
293,37.00
294,36.00
295,42.00
296,42.00
297,37.00
298,34.00
299,38.00
300,23.00
301,40.00
302,35.00
303,50.00
304,38.00
305,48.00
306,34.00
307,48.00
308,39.00
309,39.00
310,35.00
311,40.00
312,30.00
313,37.00
314,39.00
315,35.00
316,36.00
317,38.00
318,37.00
319,38.00
320,40.00
321,38.00
322,46.00
323,42.00
324,44.00
325,42.00
326,36.00
327,41.00
328,39.00
329,41.00
330,33.00
331,40.00
332,43.00
333,31.00
334,46.00
335,38.00
336,36.00
337,42.00
338,38.00
339,34.00
340,47.00
341,44.00
342,41.00
343,39.00
344,42.00
345,40.00
346,28.00
347,47.00
348,35.00
349,39.00
350,27.00
351,33.00
352,38.00
353,44.00
354,41.00
355,33.00
356,39.00
357,35.00
358,36.00
359,31.00
360,37.00
361,38.00
362,36.00
363,36.00
364,33.00
365,59.00
366,37.00
367,40.00
368,42.00
369,51.00
370,34.00
371,45.00
372,41.00
373,37.00
374,30.00
375,39.00
376,29.00
377,37.00
378,45.00
379,29.00
380,41.00
381,47.00
382,35.00
383,42.00
384,30.00
385,38.00
386,38.00
387,38.00
388,34.00
389,34.00
390,39.00
391,43.00
392,43.00
393,45.00
394,35.00
395,51.00
396,31.00
397,33.00
398,38.00
399,35.00
400,35.00
401,37.00
402,35.00
403,35.00
404,38.00
405,36.00
406,29.00
407,49.00
408,30.00
409,41.00
410,35.00
411,37.00
412,34.00
413,38.00
414,37.00
415,41.00
416,34.00
417,38.00
418,48.00
419,40.00
420,33.00
421,34.00
422,48.00
423,30.00
424,43.00
425,34.00
426,46.00
427,42.00
428,43.00
429,28.00
430,32.00
431,38.00
432,44.00
433,40.00
434,31.00
435,34.00
436,42.00
437,36.00
438,37.00
439,37.00
440,43.00
441,45.00
442,34.00
443,42.00
444,38.00
445,32.00
446,35.00
447,34.00
448,31.00
449,35.00
450,41.00
451,35.00
452,41.00
453,40.00
454,41.00
455,41.00
456,39.00
457,44.00
458,37.00
459,41.00
460,44.00
461,35.00
462,38.00
463,39.00
464,47.00
465,42.00
466,38.00
467,44.00
468,33.00
469,40.00
470,42.00
471,24.00
472,46.00
473,49.00
474,33.00
475,35.00
476,49.00
477,40.00
478,30.00
479,43.00
480,34.00
481,40.00
482,37.00
483,46.00
484,37.00
485,45.00
486,37.00
487,39.00
488,45.00
489,33.00
490,42.00
491,40.00
492,44.00
493,36.00
494,36.00
495,35.00
496,37.00
497,38.00
498,36.00
499,37.00
500,34.00
501,39.00
502,39.00
503,41.00
504,43.00
505,41.00
506,49.00
507,38.00
508,37.00
509,36.00
510,33.00
511,37.00
512,35.00
513,41.00
514,39.00
515,35.00
516,46.00
517,33.00
518,37.00
519,43.00
520,37.00
521,36.00
522,37.00
523,34.00
524,44.00
525,44.00
526,30.00
527,30.00
528,46.00
529,36.00
530,39.00
531,46.00
532,36.00
533,36.00
534,48.00
535,44.00
536,48.00
537,43.00
538,49.00
539,35.00
540,36.00
541,42.00
542,35.00
543,36.00
544,46.00
545,43.00
546,41.00
547,48.00
548,39.00
549,41.00
550,43.00
551,44.00
552,40.00
553,39.00
554,38.00
555,39.00
556,39.00
557,42.00
558,32.00
559,39.00
560,37.00
561,47.00
562,39.00
563,43.00
564,38.00
565,38.00
566,41.00
567,39.00
568,42.00
569,39.00
570,37.00
571,45.00
572,36.00
573,34.00
574,39.00
575,39.00
576,29.00
577,31.00
578,40.00
579,42.00
580,38.00
581,36.00
582,38.00
583,40.00
584,25.00
585,38.00
586,44.00
587,42.00
588,34.00
589,40.00
590,41.00
591,44.00
592,35.00
593,50.00
594,32.00
595,45.00
596,40.00
597,29.00
598,34.00
599,33.00
600,40.00
601,38.00
602,44.00
603,40.00
604,34.00
605,36.00
606,41.00
607,45.00
608,41.00
609,52.00
610,31.00
611,40.00
612,42.00
613,41.00
614,38.00
615,53.00
616,37.00
617,38.00
618,34.00
619,38.00
620,35.00
621,36.00
622,35.00
623,45.00
624,29.00
625,41.00
626,36.00
627,42.00
628,34.00
629,40.00
630,39.00
631,46.00
632,44.00
633,35.00
634,39.00
635,38.00
636,44.00
637,44.00
638,37.00
639,39.00
640,48.00
641,46.00
642,44.00
643,39.00
644,44.00
645,23.00
646,34.00
647,40.00
648,47.00
649,36.00
650,35.00
651,39.00
652,38.00
653,44.00
654,46.00
655,33.00
656,40.00
657,35.00
658,42.00
659,38.00
660,37.00
661,36.00
662,40.00
663,39.00
664,40.00
665,31.00
666,33.00
667,44.00
668,39.00
669,40.00
670,40.00
671,38.00
672,39.00
673,33.00
674,40.00
675,30.00
676,50.00
677,38.00
678,28.00
679,32.00
680,39.00
681,44.00
682,34.00
683,30.00
684,44.00
685,44.00
686,34.00
687,35.00
688,40.00
689,42.00
690,25.00
691,41.00
692,32.00
693,38.00
694,36.00
695,41.00
696,37.00
697,39.00
698,38.00
699,36.00
700,29.00
701,37.00
702,45.00
703,38.00
704,49.00
705,41.00
706,40.00
707,40.00
708,38.00
709,34.00
710,38.00
711,41.00
712,30.00
713,39.00
714,43.00
715,44.00
716,37.00
717,42.00
718,43.00
719,44.00
720,46.00
721,25.00
722,42.00
723,43.00
724,43.00
725,44.00
726,44.00
727,39.00
728,42.00
729,38.00
730,39.00
731,42.00
732,38.00
733,53.00
734,46.00
735,43.00
736,42.00
737,33.00
738,44.00
739,45.00
740,46.00
741,47.00
742,38.00
743,46.00
744,47.00
745,32.00
746,36.00
747,44.00
748,48.00
749,38.00
750,36.00
751,40.00
752,35.00
753,48.00
754,45.00
755,34.00
756,37.00
757,44.00
758,40.00
759,41.00
760,34.00
761,41.00
762,37.00
763,35.00
764,41.00
765,36.00
766,50.00
767,35.00
768,43.00
769,47.00
770,37.00
771,37.00
772,39.00
773,37.00
774,35.00
775,34.00
776,34.00
777,50.00
778,37.00
779,46.00
780,39.00
781,36.00
782,41.00
783,42.00
784,45.00
785,35.00
786,37.00
787,42.00
788,43.00
789,47.00
790,41.00
791,34.00
792,49.00
793,38.00
794,42.00
795,45.00
796,34.00
797,39.00
798,36.00
799,38.00
800,36.00
801,44.00
802,39.00
803,55.00
804,39.00
805,41.00
806,40.00
807,38.00
808,42.00
809,37.00
810,31.00
811,37.00
812,35.00
813,40.00
814,35.00
815,36.00
816,42.00
817,35.00
818,38.00
819,42.00
820,30.00
821,41.00
822,31.00
823,44.00
824,43.00
825,38.00
826,36.00
827,36.00
828,29.00
829,36.00
830,40.00
831,40.00
832,40.00
833,34.00
834,33.00
835,45.00
836,39.00
837,35.00
838,42.00
839,34.00
840,38.00
841,45.00
842,40.00
843,34.00
844,48.00
845,35.00
846,39.00
847,45.00
848,36.00
849,35.00
850,35.00
851,34.00
852,36.00
853,41.00
854,39.00
855,31.00
856,38.00
857,34.00
858,45.00
859,46.00
860,33.00
861,33.00
862,34.00
863,46.00
864,48.00
865,41.00
866,37.00
867,41.00
868,39.00
869,30.00
870,47.00
871,38.00
872,42.00
873,38.00
874,38.00
875,37.00
876,39.00
877,41.00
878,39.00
879,40.00
880,47.00
881,35.00
882,40.00
883,37.00
884,37.00
885,39.00
886,38.00
887,31.00
888,41.00
889,34.00
890,37.00
891,41.00
892,37.00
893,43.00
894,34.00
895,35.00
896,46.00
897,42.00
898,33.00
899,35.00
900,51.00
901,44.00
902,35.00
903,34.00
904,38.00
905,39.00
906,38.00
907,43.00
908,42.00
909,36.00
910,37.00
911,49.00
912,24.00
913,41.00
914,29.00
915,39.00
916,49.00
917,32.00
918,37.00
919,39.00
920,41.00
921,36.00
922,45.00
923,40.00
924,34.00
925,40.00
926,41.00
927,46.00
928,45.00
929,47.00
930,35.00
931,37.00
932,41.00
933,42.00
934,40.00
935,42.00
936,47.00
937,34.00
938,37.00
939,38.00
940,34.00
941,37.00
942,35.00
943,39.00
944,40.00
945,40.00
946,34.00
947,36.00
948,36.00
949,37.00
950,39.00
951,33.00
952,26.00
953,27.00
954,40.00
955,34.00
956,44.00
957,48.00
958,34.00
959,37.00
960,42.00
961,41.00
962,30.00
963,41.00
964,38.00
965,29.00
966,39.00
967,38.00
968,42.00
969,39.00
970,38.00
971,49.00
972,44.00
973,46.00
974,39.00
975,43.00
976,40.00
977,34.00
978,34.00
979,37.00
980,29.00
981,35.00
982,38.00
983,38.00
984,45.00
985,45.00
986,43.00
987,44.00
988,38.00
989,35.00
990,33.00
991,34.00
992,41.00
993,32.00
994,37.00
995,28.00
996,41.00
997,41.00
998,46.00
999,43.00
1000,40.00
1001,44.00
1002,39.00
1003,35.00
1004,40.00
1005,41.00
1006,39.00
1007,49.00
1008,27.00
1009,35.00
1010,39.00
1011,33.00
1012,43.00
1013,32.00
1014,43.00
1015,36.00
1016,32.00
1017,31.00
1018,39.00
1019,46.00
1020,41.00
1021,29.00
1022,36.00
1023,42.00
1024,39.00
1025,38.00
1026,35.00
1027,22.00
1028,40.00
1029,46.00
1030,39.00
1031,34.00
1032,41.00
1033,46.00
1034,29.00
1035,44.00
1036,34.00
1037,39.00
1038,38.00
1039,48.00
1040,38.00
1041,46.00
1042,33.00
1043,38.00
1044,38.00
1045,37.00
1046,41.00
1047,31.00
1048,40.00
1049,43.00
1050,49.00
1051,44.00
1052,39.00
1053,50.00
1054,50.00
1055,35.00
1056,39.00
1057,35.00
1058,35.00
1059,39.00
1060,43.00
1061,42.00
1062,36.00
1063,32.00
1064,39.00
1065,40.00
1066,37.00
1067,51.00
1068,34.00
1069,37.00
1070,33.00
1071,33.00
1072,47.00
1073,44.00
1074,35.00
1075,36.00
1076,38.00
1077,38.00
1078,38.00
1079,35.00
1080,30.00
1081,39.00
1082,44.00
1083,30.00
1084,42.00
1085,43.00
1086,45.00
1087,41.00
1088,45.00
1089,37.00
1090,39.00
1091,33.00
1092,31.00
1093,43.00
1094,39.00
1095,43.00
1096,42.00
1097,32.00
1098,36.00
1099,38.00
1100,40.00
1101,37.00
1102,41.00
1103,38.00
1104,36.00
1105,38.00
1106,41.00
1107,45.00
1108,40.00
1109,46.00
1110,35.00
1111,35.00
1112,35.00
1113,41.00
1114,43.00
1115,41.00
1116,38.00
1117,37.00
1118,37.00
1119,35.00
1120,35.00
1121,31.00
1122,42.00
1123,42.00
1124,49.00
1125,29.00
1126,27.00
1127,32.00
1128,29.00
1129,38.00
1130,32.00
1131,39.00
1132,38.00
1133,36.00
1134,35.00
1135,41.00
1136,45.00
1137,43.00
1138,35.00
1139,33.00
1140,39.00
1141,33.00
1142,38.00
1143,45.00
1144,39.00
1145,38.00
1146,29.00
1147,40.00
1148,36.00
1149,42.00
1150,35.00
1151,42.00
1152,31.00
1153,30.00
1154,37.00
1155,44.00
1156,44.00
1157,37.00
1158,43.00
1159,42.00
1160,36.00
1161,31.00
1162,40.00
1163,34.00
1164,38.00
1165,41.00
1166,36.00
1167,38.00
1168,43.00
1169,40.00
1170,49.00
1171,38.00
1172,33.00
1173,44.00
1174,36.00
1175,35.00
1176,35.00
1177,41.00
1178,49.00
1179,38.00
1180,44.00
1181,44.00
1182,40.00
1183,35.00
1184,36.00
1185,33.00
1186,31.00
1187,36.00
1188,33.00
1189,51.00
1190,41.00
1191,34.00
1192,36.00
1193,53.00
1194,40.00
1195,42.00
1196,39.00
1197,37.00
1198,38.00
1199,42.00
1200,40.00
1201,35.00
1202,38.00
1203,33.00
1204,38.00
1205,37.00
1206,34.00
1207,38.00
1208,38.00
1209,34.00
1210,30.00
1211,38.00
1212,42.00
1213,36.00
1214,35.00
1215,41.00
1216,47.00
1217,43.00
1218,31.00
1219,33.00
1220,40.00
1221,40.00
1222,42.00
1223,38.00
1224,37.00
1225,38.00
1226,39.00
1227,40.00
1228,42.00
1229,34.00
1230,38.00
1231,34.00
1232,41.00
1233,39.00
1234,40.00
1235,47.00
1236,40.00
1237,35.00
1238,36.00
1239,32.00
1240,41.00
1241,41.00
1242,45.00
1243,36.00
1244,30.00
1245,38.00
1246,32.00
1247,38.00
1248,43.00
1249,39.00
1250,43.00
1251,36.00
1252,38.00
1253,36.00
1254,43.00
1255,45.00
1256,35.00
1257,40.00
1258,32.00
1259,43.00
1260,37.00
1261,40.00
1262,32.00
1263,30.00
1264,33.00
1265,45.00
1266,34.00
1267,41.00
1268,32.00
1269,39.00
1270,37.00
1271,37.00
1272,34.00
1273,40.00
1274,37.00
1275,36.00
1276,39.00
1277,37.00
1278,38.00
1279,37.00
1280,40.00
1281,35.00
1282,50.00
1283,42.00
1284,37.00
1285,39.00
1286,40.00
1287,40.00
1288,42.00
1289,43.00
1290,49.00
1291,41.00
1292,43.00
1293,35.00
1294,38.00
1295,42.00
1296,35.00
1297,37.00
1298,30.00
1299,31.00
1300,32.00
1301,40.00
1302,42.00
1303,39.00
1304,37.00
1305,46.00
1306,34.00
1307,41.00
1308,45.00
1309,48.00
1310,37.00
1311,36.00
1312,38.00
1313,39.00
1314,40.00
1315,38.00
1316,36.00
1317,37.00
1318,41.00
1319,46.00
1320,33.00
1321,49.00
1322,36.00
1323,39.00
1324,42.00
1325,38.00
1326,32.00
1327,38.00
1328,48.00
1329,38.00
1330,39.00
1331,42.00
1332,49.00
1333,39.00
1334,34.00
1335,35.00
1336,32.00
1337,39.00
1338,39.00
1339,40.00
1340,43.00
1341,44.00
1342,35.00
1343,41.00
1344,43.00
1345,36.00
1346,48.00
1347,43.00
1348,50.00
1349,38.00
1350,30.00
1351,38.00
1352,50.00
1353,36.00
1354,28.00
1355,38.00
1356,35.00
1357,43.00
1358,45.00
1359,35.00
1360,41.00
1361,35.00
1362,32.00
1363,38.00
1364,34.00
1365,39.00
1366,45.00
1367,42.00
1368,39.00
1369,47.00
1370,44.00
1371,38.00
1372,41.00
1373,40.00
1374,37.00
1375,41.00
1376,43.00
1377,31.00
1378,38.00
1379,36.00
1380,31.00
1381,31.00
1382,39.00
1383,33.00
1384,44.00
1385,42.00
1386,39.00
1387,38.00
1388,39.00
1389,44.00
1390,44.00
1391,34.00
1392,38.00
1393,43.00
1394,41.00
1395,44.00
1396,35.00
1397,41.00
1398,46.00
1399,37.00
1400,44.00
1401,28.00
1402,37.00
1403,36.00
1404,32.00
1405,36.00
1406,40.00
1407,36.00
1408,43.00
1409,44.00
1410,34.00
1411,37.00
1412,40.00
1413,32.00
1414,25.00
1415,47.00
1416,40.00
1417,40.00
1418,49.00
1419,42.00
1420,44.00
1421,45.00
1422,43.00
1423,38.00
1424,42.00
1425,39.00
1426,41.00
1427,32.00
1428,33.00
1429,46.00
1430,36.00
1431,44.00
1432,31.00
1433,40.00
1434,36.00
1435,31.00
1436,42.00
1437,47.00
1438,39.00
1439,39.00
1440,44.00
1441,35.00
1442,48.00
1443,44.00
1444,40.00
1445,42.00
1446,28.00
1447,43.00
1448,49.00
1449,39.00
1450,39.00
1451,28.00
1452,39.00
1453,40.00
1454,46.00
1455,38.00
1456,33.00
1457,36.00
1458,48.00
1459,41.00
1460,36.00
1461,38.00
1462,29.00
1463,35.00
1464,36.00
1465,45.00
1466,43.00
1467,40.00
1468,35.00
1469,40.00
1470,35.00
1471,40.00
1472,43.00
1473,42.00
1474,52.00
1475,38.00
1476,39.00
1477,41.00
1478,32.00
1479,32.00
1480,38.00
1481,43.00
1482,41.00
1483,43.00
1484,40.00
1485,39.00
1486,33.00
1487,38.00
1488,41.00
1489,39.00
1490,31.00
1491,30.00
1492,39.00
1493,38.00
1494,40.00
1495,41.00
1496,39.00
1497,44.00
1498,36.00
1499,36.00
1500,50.00
1501,37.00
1502,36.00
1503,42.00
1504,42.00
1505,44.00
1506,34.00
1507,36.00
1508,47.00
1509,36.00
1510,38.00
1511,37.00
1512,39.00
1513,36.00
1514,41.00
1515,33.00
1516,44.00
1517,37.00
1518,36.00
1519,44.00
1520,42.00
1521,38.00
1522,33.00
1523,36.00
1524,41.00
1525,30.00
1526,29.00
1527,38.00
1528,32.00
1529,31.00
1530,31.00
1531,32.00
1532,38.00
1533,34.00
1534,42.00
1535,35.00
1536,32.00
1537,43.00
1538,39.00
1539,29.00
1540,37.00
1541,41.00
1542,43.00
1543,37.00
1544,28.00
1545,43.00
1546,35.00
1547,30.00
1548,26.00
1549,39.00
1550,45.00
1551,39.00
1552,33.00
1553,40.00
1554,36.00
1555,49.00
1556,41.00
1557,30.00
1558,37.00
1559,45.00
1560,36.00
1561,44.00
1562,40.00
1563,33.00
1564,39.00
1565,32.00
1566,26.00
1567,39.00
1568,44.00
1569,39.00
1570,39.00
1571,40.00
1572,33.00
1573,46.00
1574,44.00
1575,43.00
1576,49.00
1577,49.00
1578,52.00
1579,39.00
1580,41.00
1581,41.00
1582,46.00
1583,35.00
1584,37.00
1585,38.00
1586,35.00
1587,43.00
1588,34.00
1589,37.00
1590,46.00
1591,33.00
1592,35.00
1593,50.00
1594,35.00
1595,47.00
1596,34.00
1597,29.00
1598,36.00
1599,40.00
1600,38.00
1601,35.00
1602,39.00
1603,38.00
1604,35.00
1605,50.00
1606,36.00
1607,37.00
1608,37.00
1609,42.00
1610,34.00
1611,39.00
1612,20.00
1613,37.00
1614,40.00
1615,41.00
1616,44.00
1617,38.00
1618,35.00
1619,34.00
1620,32.00
1621,38.00
1622,40.00
1623,33.00
1624,43.00
1625,35.00
1626,32.00
1627,38.00
1628,33.00
1629,39.00
1630,29.00
1631,40.00
1632,42.00
1633,36.00
1634,39.00
1635,42.00
1636,37.00
1637,39.00
1638,41.00
1639,42.00
1640,38.00
1641,38.00
1642,36.00
1643,39.00
1644,42.00
1645,31.00
1646,38.00
1647,40.00
1648,41.00
1649,42.00
1650,40.00
1651,25.00
1652,30.00
1653,33.00
1654,47.00
1655,44.00
1656,44.00
1657,44.00
1658,38.00
1659,29.00
1660,49.00
1661,32.00
1662,38.00
1663,33.00
1664,42.00
1665,35.00
1666,42.00
1667,45.00
1668,41.00
1669,39.00
1670,46.00
1671,41.00
1672,38.00
1673,49.00
1674,41.00
1675,42.00
1676,33.00
1677,33.00
1678,34.00
1679,34.00
1680,37.00
1681,35.00
1682,38.00
1683,37.00
1684,36.00
1685,38.00
1686,39.00
1687,44.00
1688,35.00
1689,38.00
1690,37.00
1691,40.00
1692,40.00
1693,41.00
1694,38.00
1695,34.00
1696,43.00
1697,44.00
1698,34.00
1699,37.00
1700,39.00
1701,39.00
1702,38.00
1703,36.00
1704,33.00
1705,37.00
1706,30.00
1707,48.00
1708,36.00
1709,33.00
1710,32.00
1711,36.00
1712,33.00
1713,45.00
1714,36.00
1715,34.00
1716,42.00
1717,38.00
1718,44.00
1719,38.00
1720,52.00
1721,37.00
1722,42.00
1723,37.00
1724,29.00
1725,35.00
1726,43.00
1727,36.00
1728,34.00
1729,38.00
1730,37.00
1731,38.00
1732,46.00
1733,41.00
1734,45.00
1735,38.00
1736,45.00
1737,31.00
1738,33.00
1739,36.00
1740,27.00
1741,44.00
1742,32.00
1743,37.00
1744,37.00
1745,41.00
1746,36.00
1747,40.00
1748,43.00
1749,36.00
1750,34.00
1751,30.00
1752,35.00
1753,33.00
1754,41.00
1755,34.00
1756,42.00
1757,36.00
1758,49.00
1759,43.00
1760,46.00
1761,42.00
1762,41.00
1763,46.00
1764,41.00
1765,36.00
1766,41.00
1767,34.00
1768,39.00
1769,41.00
1770,47.00
1771,49.00
1772,36.00
1773,43.00
1774,38.00
1775,44.00
1776,40.00
1777,43.00
1778,42.00
1779,42.00
1780,47.00
1781,42.00
1782,33.00
1783,34.00
1784,41.00
1785,40.00
1786,40.00
1787,31.00
1788,36.00
1789,39.00
1790,48.00
1791,43.00
1792,37.00
1793,39.00
1794,32.00
1795,44.00
1796,40.00
1797,40.00
1798,37.00
1799,27.00
1800,36.00
1801,43.00
1802,31.00
1803,37.00
1804,35.00
1805,44.00
1806,39.00
1807,37.00
1808,40.00
1809,45.00
1810,45.00
1811,47.00
1812,36.00
1813,39.00
1814,39.00
1815,41.00
1816,49.00
1817,39.00
1818,45.00
1819,40.00
1820,39.00
1821,43.00
1822,41.00
1823,33.00
1824,47.00
1825,37.00
1826,46.00
1827,26.00
1828,45.00
1829,33.00
1830,38.00
1831,45.00
1832,40.00
1833,34.00
1834,41.00
1835,30.00
1836,42.00
1837,39.00
1838,44.00
1839,38.00
1840,35.00
1841,42.00
1842,38.00
1843,31.00
1844,40.00
1845,37.00
1846,37.00
1847,42.00
1848,40.00
1849,43.00
1850,35.00
1851,34.00
1852,33.00
1853,36.00
1854,33.00
1855,29.00
1856,40.00
1857,41.00
1858,46.00
1859,37.00
1860,36.00
1861,39.00
1862,50.00
1863,39.00
1864,47.00
1865,39.00
1866,45.00
1867,38.00
1868,37.00
1869,41.00
1870,47.00
1871,38.00
1872,39.00
1873,36.00
1874,35.00
1875,42.00
1876,36.00
1877,37.00
1878,33.00
1879,28.00
1880,34.00
1881,30.00
1882,44.00
1883,36.00
1884,41.00
1885,39.00
1886,41.00
1887,43.00
1888,46.00
1889,39.00
1890,39.00
1891,44.00
1892,31.00
1893,36.00
1894,41.00
1895,36.00
1896,36.00
1897,43.00
1898,37.00
1899,34.00
1900,36.00
1901,44.00
1902,42.00
1903,33.00
1904,35.00
1905,30.00
1906,41.00
1907,35.00
1908,43.00
1909,42.00
1910,33.00
1911,31.00
1912,34.00
1913,38.00
1914,42.00
1915,41.00
1916,37.00
1917,38.00
1918,42.00
1919,38.00
1920,33.00
1921,37.00
1922,46.00
1923,30.00
1924,38.00
1925,33.00
1926,37.00
1927,33.00
1928,35.00
1929,40.00
1930,33.00
1931,48.00
1932,38.00
1933,42.00
1934,34.00
1935,40.00
1936,35.00
1937,46.00
1938,30.00
1939,43.00
1940,37.00
1941,38.00
1942,37.00
1943,39.00
1944,40.00
1945,33.00
1946,37.00
1947,35.00
1948,38.00
1949,45.00
1950,32.00
1951,35.00
1952,35.00
1953,35.00
1954,34.00
1955,34.00
1956,40.00
1957,36.00
1958,36.00
1959,35.00
1960,41.00
1961,41.00
1962,42.00
1963,35.00
1964,37.00
1965,41.00
1966,35.00
1967,38.00
1968,35.00
1969,34.00
1970,43.00
1971,38.00
1972,43.00
1973,39.00
1974,50.00
1975,43.00
1976,39.00
1977,44.00
1978,34.00
1979,35.00
1980,33.00
1981,39.00
1982,46.00
1983,33.00
1984,32.00
1985,42.00
1986,42.00
1987,45.00
1988,43.00
1989,43.00
1990,31.00
1991,33.00
1992,43.00
1993,39.00
1994,40.00
1995,34.00
1996,39.00
1997,31.00
1998,46.00
1999,40.00
2000,52.00
2001,49.00
2002,32.00
2003,45.00
2004,38.00
2005,36.00
2006,34.00
2007,43.00
2008,35.00
2009,39.00
2010,44.00
2011,46.00
2012,30.00
2013,39.00
2014,35.00
2015,41.00
2016,38.00
2017,31.00
2018,31.00
2019,36.00
2020,47.00
2021,42.00
2022,43.00
2023,38.00
2024,38.00
2025,43.00
2026,41.00
2027,40.00
2028,47.00
2029,38.00
2030,38.00
2031,30.00
2032,43.00
2033,36.00
2034,39.00
2035,37.00
2036,38.00
2037,39.00
2038,29.00
2039,43.00
2040,41.00
2041,33.00
2042,39.00
2043,38.00
2044,46.00
2045,31.00
2046,34.00
2047,44.00
2048,40.00
2049,42.00
2050,41.00
2051,41.00
2052,45.00
2053,40.00
2054,40.00
2055,38.00
2056,36.00
2057,44.00
2058,42.00
2059,42.00
2060,39.00
2061,42.00
2062,42.00
2063,43.00
2064,44.00
2065,37.00
2066,43.00
2067,47.00
2068,26.00
2069,35.00
2070,48.00
2071,39.00
2072,35.00
2073,41.00
2074,39.00
2075,37.00
2076,31.00
2077,40.00
2078,41.00
2079,40.00
2080,34.00
2081,43.00
2082,34.00
2083,36.00
2084,45.00
2085,48.00
2086,50.00
2087,36.00
2088,41.00
2089,40.00
2090,40.00
2091,44.00
2092,44.00
2093,32.00
2094,45.00
2095,38.00
2096,28.00
2097,34.00
2098,34.00
2099,41.00
2100,40.00
2101,39.00
2102,41.00
2103,38.00
2104,45.00
2105,35.00
2106,37.00
2107,38.00
2108,39.00
2109,39.00
2110,31.00
2111,38.00
2112,44.00
2113,31.00
2114,30.00
2115,42.00
2116,32.00
2117,36.00
2118,40.00
2119,47.00
2120,41.00
2121,40.00
2122,32.00
2123,36.00
2124,41.00
2125,53.00
2126,33.00
2127,35.00
2128,40.00
2129,34.00
2130,42.00
2131,38.00
2132,36.00
2133,38.00
2134,48.00
2135,36.00
2136,47.00
2137,44.00
2138,33.00
2139,31.00
2140,37.00
2141,31.00
2142,48.00
2143,45.00
2144,35.00
2145,44.00
2146,40.00
2147,40.00
2148,34.00
2149,38.00
2150,34.00
2151,45.00
2152,43.00
2153,36.00
2154,45.00
2155,46.00
2156,43.00
2157,34.00
2158,45.00
2159,37.00
2160,34.00
2161,31.00
2162,30.00
2163,46.00
2164,51.00
2165,35.00
2166,39.00
2167,38.00
2168,36.00
2169,39.00
2170,38.00
2171,38.00
2172,39.00
2173,37.00
2174,44.00
2175,46.00
2176,36.00
2177,37.00
2178,39.00
2179,44.00
2180,34.00
2181,36.00
2182,46.00
2183,38.00
2184,33.00
2185,38.00
2186,40.00
2187,52.00
2188,42.00
2189,47.00
2190,44.00
2191,43.00
2192,38.00
2193,35.00
2194,37.00
2195,38.00
2196,33.00
2197,34.00
2198,33.00
2199,44.00
2200,40.00
2201,40.00
2202,40.00
2203,37.00
2204,49.00
2205,39.00
2206,45.00
2207,39.00
2208,34.00
2209,39.00
2210,38.00
2211,39.00
2212,47.00
2213,44.00
2214,31.00
2215,37.00
2216,44.00
2217,45.00
2218,34.00
2219,28.00
2220,36.00
2221,40.00
2222,34.00
2223,36.00
2224,39.00
2225,45.00
2226,44.00
2227,38.00
2228,33.00
2229,42.00
2230,39.00
2231,44.00
2232,35.00
2233,37.00
2234,34.00
2235,42.00
2236,30.00
2237,41.00
2238,29.00
2239,37.00
2240,32.00
2241,28.00
2242,27.00
2243,35.00
2244,41.00
2245,33.00
2246,43.00
2247,35.00
2248,40.00
2249,33.00
2250,42.00
2251,39.00
2252,40.00
2253,43.00
2254,29.00
2255,38.00
2256,39.00
2257,38.00
2258,43.00
2259,40.00
2260,47.00
2261,50.00
2262,28.00
2263,37.00
2264,34.00
2265,33.00
2266,41.00
2267,46.00
2268,52.00
2269,38.00
2270,48.00
2271,41.00
2272,27.00
2273,35.00
2274,32.00
2275,41.00
2276,44.00
2277,45.00
2278,38.00
2279,31.00
2280,35.00
2281,43.00
2282,43.00
2283,51.00
2284,40.00
2285,32.00
2286,54.00
2287,35.00
2288,38.00
2289,40.00
2290,44.00
2291,34.00
2292,38.00
2293,37.00
2294,47.00
2295,37.00
2296,47.00
2297,41.00
2298,38.00
2299,42.00
2300,35.00
2301,37.00
2302,43.00
2303,35.00
2304,37.00
2305,41.00
2306,33.00
2307,35.00
2308,39.00
2309,29.00
2310,34.00
2311,32.00
2312,33.00
2313,48.00
2314,37.00
2315,36.00
2316,45.00
2317,46.00
2318,37.00
2319,40.00
2320,40.00
2321,32.00
2322,34.00
2323,37.00
2324,44.00
2325,43.00
2326,38.00
2327,36.00
2328,32.00
2329,37.00
2330,39.00
2331,37.00
2332,32.00
2333,35.00
2334,35.00
2335,40.00
2336,39.00
2337,38.00
2338,30.00
2339,31.00
2340,36.00
2341,44.00
2342,32.00
2343,37.00
2344,32.00
2345,39.00
2346,43.00
2347,49.00
2348,42.00
2349,41.00
2350,35.00
2351,38.00
2352,32.00
2353,46.00
2354,40.00
2355,35.00
2356,33.00
2357,38.00
2358,44.00
2359,41.00
2360,35.00
2361,43.00
2362,42.00
2363,32.00
2364,41.00
2365,45.00
2366,48.00
2367,38.00
2368,38.00
2369,46.00
2370,41.00
2371,41.00
2372,37.00
2373,42.00
2374,38.00
2375,35.00
2376,38.00
2377,29.00
2378,38.00
2379,48.00
2380,38.00
2381,47.00
2382,36.00
2383,44.00
2384,32.00
2385,38.00
2386,45.00
2387,37.00
2388,38.00
2389,35.00
2390,43.00
2391,37.00
2392,39.00
2393,42.00
2394,38.00
2395,37.00
2396,46.00
2397,43.00
2398,42.00
2399,41.00
2400,43.00
2401,39.00
2402,36.00
2403,32.00
2404,40.00
2405,43.00
2406,36.00
2407,38.00
2408,36.00
2409,35.00
2410,39.00
2411,45.00
2412,30.00
2413,29.00
2414,41.00
2415,35.00
2416,38.00
2417,29.00
2418,39.00
2419,39.00
2420,50.00
2421,41.00
2422,33.00
2423,43.00
2424,41.00
2425,49.00
2426,37.00
2427,32.00
2428,45.00
2429,41.00
2430,29.00
2431,37.00
2432,40.00
2433,35.00
2434,40.00
2435,33.00
2436,31.00
2437,43.00
2438,39.00
2439,40.00
2440,49.00
2441,42.00
2442,33.00
2443,38.00
2444,51.00
2445,39.00
2446,34.00
2447,42.00
2448,39.00
2449,31.00
2450,45.00
2451,27.00
2452,41.00
2453,38.00
2454,31.00
2455,44.00
2456,42.00
2457,36.00
2458,35.00
2459,35.00
2460,45.00
2461,37.00
2462,41.00
2463,43.00
2464,31.00
2465,39.00
2466,36.00
2467,47.00
2468,43.00
2469,42.00
2470,38.00
2471,46.00
2472,38.00
2473,43.00
2474,41.00
2475,40.00
2476,46.00
2477,31.00
2478,41.00
2479,41.00
2480,37.00
2481,42.00
2482,34.00
2483,40.00
2484,35.00
2485,45.00
2486,45.00
2487,37.00
2488,43.00
2489,37.00
2490,40.00
2491,40.00
2492,37.00
2493,36.00
2494,42.00
2495,40.00
2496,34.00
2497,37.00
2498,28.00
2499,41.00
2500,44.00
2501,46.00
2502,52.00
2503,36.00
2504,34.00
2505,30.00
2506,40.00
2507,42.00
2508,39.00
2509,35.00
2510,30.00
2511,36.00
2512,34.00
2513,46.00
2514,40.00
2515,37.00
2516,38.00
2517,44.00
2518,34.00
2519,44.00
2520,41.00
2521,37.00
2522,38.00
2523,39.00
2524,37.00
2525,31.00
2526,45.00
2527,33.00
2528,45.00
2529,35.00
2530,38.00
2531,31.00
2532,36.00
2533,38.00
2534,34.00
2535,41.00
2536,35.00
2537,38.00
2538,31.00
2539,41.00
2540,49.00
2541,43.00
2542,30.00
2543,37.00
2544,40.00
2545,35.00
2546,37.00
2547,44.00
2548,34.00
2549,34.00
2550,39.00
2551,35.00
2552,33.00
2553,37.00
2554,39.00
2555,30.00
2556,31.00
2557,35.00
2558,38.00
2559,46.00
2560,39.00
2561,39.00
2562,33.00
2563,29.00
2564,34.00
2565,42.00
2566,32.00
2567,48.00
2568,35.00
2569,43.00
2570,33.00
2571,35.00
2572,37.00
2573,35.00
2574,34.00
2575,49.00
2576,37.00
2577,42.00
2578,29.00
2579,34.00
2580,41.00
2581,40.00
2582,36.00
2583,38.00
2584,39.00
2585,40.00
2586,35.00
2587,49.00
2588,35.00
2589,29.00
2590,37.00
2591,32.00
2592,38.00
2593,35.00
2594,47.00
2595,39.00
2596,39.00
2597,37.00
2598,40.00
2599,36.00
2600,37.00
2601,45.00
2602,39.00
2603,30.00
2604,40.00
2605,41.00
2606,33.00
2607,37.00
2608,31.00
2609,45.00
2610,32.00
2611,34.00
2612,34.00
2613,45.00
2614,39.00
2615,39.00
2616,35.00
2617,37.00
2618,36.00
2619,46.00
2620,41.00
2621,53.00
2622,46.00
2623,41.00
2624,42.00
2625,40.00
2626,39.00
2627,32.00
2628,38.00
2629,40.00
2630,34.00
2631,35.00
2632,59.00
2633,30.00
2634,27.00
2635,44.00
2636,37.00
2637,35.00
2638,40.00
2639,37.00
2640,42.00
2641,36.00
2642,33.00
2643,45.00
2644,37.00
2645,47.00
2646,52.00
2647,44.00
2648,46.00
2649,35.00
2650,43.00
2651,34.00
2652,39.00
2653,41.00
2654,44.00
2655,40.00
2656,36.00
2657,39.00
2658,32.00
2659,40.00
2660,39.00
2661,48.00
2662,42.00
2663,39.00
2664,43.00
2665,43.00
2666,31.00
2667,32.00
2668,35.00
2669,44.00
2670,39.00
2671,43.00
2672,39.00
2673,36.00
2674,37.00
2675,45.00
2676,45.00
2677,44.00
2678,35.00
2679,39.00
2680,36.00
2681,41.00
2682,34.00
2683,35.00
2684,39.00
2685,41.00
2686,38.00
2687,42.00
2688,42.00
2689,35.00
2690,34.00
2691,38.00
2692,35.00
2693,42.00
2694,36.00
2695,35.00
2696,39.00
2697,49.00
2698,38.00
2699,47.00
2700,34.00
2701,45.00
2702,34.00
2703,39.00
2704,39.00
2705,28.00
2706,52.00
2707,28.00
2708,40.00
2709,36.00
2710,45.00
2711,40.00
2712,37.00
2713,48.00
2714,31.00
2715,48.00
2716,43.00
2717,41.00
2718,31.00
2719,40.00
2720,44.00
2721,36.00
2722,43.00
2723,32.00
2724,34.00
2725,34.00
2726,33.00
2727,38.00
2728,44.00
2729,46.00
2730,34.00
2731,39.00
2732,41.00
2733,36.00
2734,39.00
2735,36.00
2736,38.00
2737,35.00
2738,35.00
2739,36.00
2740,40.00
2741,34.00
2742,38.00
2743,35.00
2744,34.00
2745,33.00
2746,37.00
2747,39.00
2748,40.00
2749,33.00
2750,46.00
2751,36.00
2752,36.00
2753,42.00
2754,36.00
2755,24.00
2756,29.00
2757,33.00
2758,40.00
2759,42.00
2760,35.00
2761,38.00
2762,42.00
2763,30.00
2764,31.00
2765,34.00
2766,46.00
2767,37.00
2768,36.00
2769,37.00
2770,40.00
2771,36.00
2772,37.00
2773,36.00
2774,41.00
2775,35.00
2776,32.00
2777,39.00
2778,39.00
2779,35.00
2780,38.00
2781,39.00
2782,34.00
2783,43.00
2784,41.00
2785,40.00
2786,33.00
2787,30.00
2788,38.00
2789,33.00
2790,38.00
2791,41.00
2792,38.00
2793,35.00
2794,41.00
2795,36.00
2796,25.00
2797,40.00
2798,37.00
2799,39.00
2800,36.00
2801,38.00
2802,42.00
2803,43.00
2804,39.00
2805,36.00
2806,45.00
2807,50.00
2808,37.00
2809,38.00
2810,32.00
2811,47.00
2812,27.00
2813,37.00
2814,41.00
2815,41.00
2816,45.00
2817,40.00
2818,38.00
2819,44.00
2820,37.00
2821,41.00
2822,38.00
2823,34.00
2824,36.00
2825,37.00
2826,37.00
2827,37.00
2828,35.00
2829,35.00
2830,31.00
2831,44.00
2832,30.00
2833,33.00
2834,51.00
2835,47.00
2836,31.00
2837,37.00
2838,36.00
2839,44.00
2840,34.00
2841,44.00
2842,37.00
2843,40.00
2844,32.00
2845,34.00
2846,44.00
2847,42.00
2848,41.00
2849,39.00
2850,24.00
2851,49.00
2852,42.00
2853,40.00
2854,39.00
2855,26.00
2856,37.00
2857,38.00
2858,30.00
2859,41.00
2860,37.00
2861,34.00
2862,36.00
2863,34.00
2864,37.00
2865,34.00
2866,42.00
2867,43.00
2868,43.00
2869,37.00
2870,35.00
2871,37.00
2872,40.00
2873,39.00
2874,35.00
2875,54.00
2876,43.00
2877,42.00
2878,42.00
2879,33.00
2880,45.00
2881,41.00
2882,41.00
2883,38.00
2884,34.00
2885,49.00
2886,45.00
2887,43.00
2888,42.00
2889,38.00
2890,38.00
2891,43.00
2892,40.00
2893,36.00
2894,52.00
2895,34.00
2896,36.00
2897,30.00
2898,40.00
2899,40.00
2900,36.00
2901,34.00
2902,39.00
2903,42.00
2904,41.00
2905,47.00
2906,41.00
2907,34.00
2908,39.00
2909,33.00
2910,42.00
2911,44.00
2912,41.00
2913,35.00
2914,33.00
2915,44.00
2916,40.00
2917,42.00
2918,51.00
2919,41.00
2920,38.00
2921,35.00
2922,40.00
2923,35.00
2924,50.00
2925,39.00
2926,41.00
2927,38.00
2928,40.00
2929,33.00
2930,39.00
2931,36.00
2932,39.00
2933,38.00
2934,46.00
2935,43.00
2936,37.00
2937,29.00
2938,47.00
2939,41.00
2940,38.00
2941,39.00
2942,38.00
2943,39.00
2944,38.00
2945,31.00
2946,38.00
2947,36.00
2948,36.00
2949,45.00
2950,38.00
2951,43.00
2952,38.00
2953,33.00
2954,43.00
2955,48.00
2956,35.00
2957,29.00
2958,28.00
2959,34.00
2960,42.00
2961,27.00
2962,38.00
2963,38.00
2964,44.00
2965,39.00
2966,44.00
2967,51.00
2968,41.00
2969,39.00
2970,39.00
2971,46.00
2972,42.00
2973,46.00
2974,43.00
2975,45.00
2976,40.00
2977,43.00
2978,42.00
2979,46.00
2980,31.00
2981,49.00
2982,39.00
2983,40.00
2984,36.00
2985,33.00
2986,33.00
2987,40.00
2988,37.00
2989,41.00
2990,38.00
2991,48.00
2992,32.00
2993,47.00
2994,44.00
2995,32.00
2996,47.00
2997,38.00
2998,41.00
2999,38.00
3000,38.00
