Episode,TotalReward
1,24.0
2,25.0
3,24.0
4,27.0
5,24.0
6,25.0
7,27.0
8,27.0
9,26.0
10,22.0
11,29.0
12,27.0
13,24.0
14,24.0
15,25.0
16,28.0
17,26.0
18,29.0
19,26.0
20,27.0
21,27.0
22,26.0
23,26.0
24,27.0
25,23.0
26,25.0
27,29.0
28,27.0
29,24.0
30,24.0
31,24.0
32,28.0
33,27.0
34,27.0
35,27.0
36,27.0
37,24.0
38,27.0
39,26.0
40,28.0
41,23.0
42,24.0
43,26.0
44,25.0
45,25.0
46,24.0
47,25.0
48,24.0
49,25.0
50,26.0
51,27.0
52,23.0
53,29.0
54,26.0
55,28.0
56,24.0
57,23.0
58,26.0
59,26.0
60,27.0
61,27.0
62,24.0
63,27.0
64,25.0
65,25.0
66,24.0
67,24.0
68,24.0
69,22.0
70,29.0
71,28.0
72,25.0
73,26.0
74,24.0
75,26.0
76,25.0
77,26.0
78,28.0
79,27.0
80,28.0
81,25.0
82,27.0
83,22.0
84,27.0
85,25.0
86,29.0
87,24.0
88,27.0
89,26.0
90,28.0
91,25.0
92,25.0
93,28.0
94,27.0
95,27.0
96,28.0
97,25.0
98,24.0
99,28.0
100,26.0
101,27.0
102,25.0
103,26.0
104,27.0
105,29.0
106,27.0
107,25.0
108,29.0
109,26.0
110,28.0
111,25.0
112,24.0
113,27.0
114,27.0
115,27.0
116,26.0
117,26.0
118,27.0
119,26.0
120,28.0
121,23.0
122,28.0
123,28.0
124,25.0
125,25.0
126,26.0
127,28.0
128,29.0
129,25.0
130,23.0
131,25.0
132,25.0
133,29.0
134,27.0
135,24.0
136,29.0
137,27.0
138,26.0
139,24.0
140,23.0
141,25.0
142,27.0
143,21.0
144,23.0
145,24.0
146,26.0
147,26.0
148,28.0
149,29.0
150,30.0
151,26.0
152,25.0
153,26.0
154,27.0
155,26.0
156,25.0
157,27.0
158,24.0
159,29.0
160,24.0
161,26.0
162,25.0
163,25.0
164,25.0
165,28.0
166,26.0
167,26.0
168,26.0
169,24.0
170,28.0
171,26.0
172,26.0
173,28.0
174,25.0
175,27.0
176,27.0
177,27.0
178,24.0
179,22.0
180,24.0
181,26.0
182,26.0
183,29.0
184,24.0
185,26.0
186,27.0
187,25.0
188,27.0
189,23.0
190,25.0
191,23.0
192,29.0
193,28.0
194,24.0
195,24.0
196,28.0
197,25.0
198,25.0
199,25.0
200,29.0
201,26.0
202,28.0
203,30.0
204,26.0
205,28.0
206,26.0
207,26.0
208,26.0
209,25.0
210,26.0
211,28.0
212,27.0
213,27.0
214,27.0
215,25.0
216,26.0
217,27.0
218,28.0
219,27.0
220,25.0
221,27.0
222,25.0
223,27.0
224,23.0
225,26.0
226,26.0
227,24.0
228,24.0
229,27.0
230,25.0
231,26.0
232,24.0
233,26.0
234,24.0
235,26.0
236,25.0
237,22.0
238,26.0
239,25.0
240,28.0
241,27.0
242,28.0
243,26.0
244,25.0
245,25.0
246,23.0
247,31.0
248,24.0
249,26.0
250,25.0
251,22.0
252,27.0
253,26.0
254,25.0
255,27.0
256,28.0
257,25.0
258,26.0
259,26.0
260,26.0
261,26.0
262,26.0
263,27.0
264,25.0
265,27.0
266,28.0
267,25.0
268,26.0
269,27.0
270,27.0
271,26.0
272,28.0
273,24.0
274,27.0
275,25.0
276,24.0
277,25.0
278,25.0
279,27.0
280,29.0
281,25.0
282,25.0
283,28.0
284,29.0
285,26.0
286,24.0
287,25.0
288,26.0
289,25.0
290,24.0
291,26.0
292,25.0
293,22.0
294,27.0
295,22.0
296,24.0
297,29.0
298,24.0
299,25.0
300,26.0
301,24.0
302,23.0
303,25.0
304,25.0
305,27.0
306,27.0
307,26.0
308,31.0
309,25.0
310,30.0
311,26.0
312,28.0
313,27.0
314,27.0
315,28.0
316,24.0
317,27.0
318,24.0
319,24.0
320,25.0
321,26.0
322,28.0
323,26.0
324,29.0
325,28.0
326,27.0
327,26.0
328,29.0
329,25.0
330,28.0
331,28.0
332,27.0
333,27.0
334,24.0
335,28.0
336,25.0
337,24.0
338,28.0
339,28.0
340,25.0
341,25.0
342,28.0
343,28.0
344,26.0
345,27.0
346,27.0
347,28.0
348,23.0
349,25.0
350,26.0
351,26.0
352,27.0
353,27.0
354,25.0
355,25.0
356,25.0
357,27.0
358,26.0
359,21.0
360,25.0
361,25.0
362,22.0
363,26.0
364,26.0
365,26.0
366,27.0
367,24.0
368,27.0
369,26.0
370,27.0
371,28.0
372,24.0
373,26.0
374,28.0
375,26.0
376,26.0
377,29.0
378,27.0
379,26.0
380,29.0
381,27.0
382,27.0
383,24.0
384,25.0
385,26.0
386,26.0
387,24.0
388,24.0
389,26.0
390,24.0
391,23.0
392,23.0
393,28.0
394,26.0
395,27.0
396,24.0
397,29.0
398,29.0
399,26.0
400,26.0
401,24.0
402,26.0
403,25.0
404,27.0
405,26.0
406,25.0
407,24.0
408,29.0
409,25.0
410,28.0
411,27.0
412,29.0
413,26.0
414,28.0
415,25.0
416,27.0
417,27.0
418,26.0
419,24.0
420,22.0
421,27.0
422,26.0
423,25.0
424,27.0
425,27.0
426,23.0
427,28.0
428,26.0
429,26.0
430,26.0
431,28.0
432,25.0
433,25.0
434,26.0
435,24.0
436,28.0
437,26.0
438,26.0
439,26.0
440,28.0
441,22.0
442,26.0
443,27.0
444,27.0
445,24.0
446,26.0
447,29.0
448,25.0
449,26.0
450,27.0
451,23.0
452,24.0
453,27.0
454,29.0
455,23.0
456,26.0
457,23.0
458,29.0
459,27.0
460,26.0
461,27.0
462,30.0
463,24.0
464,26.0
465,26.0
466,21.0
467,28.0
468,23.0
469,28.0
470,31.0
471,27.0
472,26.0
473,25.0
474,24.0
475,26.0
476,24.0
477,26.0
478,27.0
479,25.0
480,29.0
481,28.0
482,25.0
483,24.0
484,27.0
485,24.0
486,23.0
487,27.0
488,28.0
489,24.0
490,24.0
491,23.0
492,27.0
493,26.0
494,30.0
495,26.0
496,28.0
497,24.0
498,26.0
499,26.0
500,29.0
501,27.0
502,25.0
503,27.0
504,27.0
505,26.0
506,25.0
507,27.0
508,26.0
509,29.0
510,26.0
511,28.0
512,26.0
513,25.0
514,25.0
515,27.0
516,27.0
517,27.0
518,26.0
519,28.0
520,27.0
521,25.0
522,26.0
523,27.0
524,27.0
525,26.0
526,25.0
527,26.0
528,28.0
529,27.0
530,28.0
531,29.0
532,28.0
533,25.0
534,26.0
535,27.0
536,26.0
537,24.0
538,27.0
539,25.0
540,27.0
541,27.0
542,27.0
543,24.0
544,31.0
545,24.0
546,28.0
547,28.0
548,29.0
549,25.0
550,26.0
551,27.0
552,26.0
553,29.0
554,26.0
555,23.0
556,22.0
557,27.0
558,26.0
559,26.0
560,22.0
561,24.0
562,22.0
563,25.0
564,26.0
565,24.0
566,24.0
567,25.0
568,28.0
569,29.0
570,23.0
571,28.0
572,26.0
573,27.0
574,23.0
575,26.0
576,26.0
577,27.0
578,33.0
579,26.0
580,24.0
581,27.0
582,28.0
583,27.0
584,25.0
585,25.0
586,26.0
587,23.0
588,27.0
589,29.0
590,25.0
591,28.0
592,26.0
593,27.0
594,25.0
595,29.0
596,26.0
597,29.0
598,26.0
599,26.0
600,28.0
601,27.0
602,24.0
603,26.0
604,28.0
605,28.0
606,23.0
607,27.0
608,26.0
609,27.0
610,26.0
611,24.0
612,23.0
613,25.0
614,29.0
615,28.0
616,27.0
617,30.0
618,26.0
619,28.0
620,26.0
621,27.0
622,28.0
623,25.0
624,30.0
625,28.0
626,31.0
627,29.0
628,27.0
629,30.0
630,28.0
631,29.0
632,29.0
633,25.0
634,25.0
635,27.0
636,29.0
637,23.0
638,26.0
639,25.0
640,24.0
641,26.0
642,25.0
643,24.0
644,26.0
645,24.0
646,29.0
647,27.0
648,24.0
649,28.0
650,24.0
651,28.0
652,27.0
653,24.0
654,28.0
655,27.0
656,29.0
657,28.0
658,24.0
659,26.0
660,28.0
661,27.0
662,24.0
663,21.0
664,26.0
665,25.0
666,27.0
667,25.0
668,26.0
669,27.0
670,27.0
671,24.0
672,29.0
673,27.0
674,25.0
675,26.0
676,29.0
677,22.0
678,23.0
679,25.0
680,27.0
681,25.0
682,24.0
683,27.0
684,24.0
685,29.0
686,29.0
687,25.0
688,26.0
689,27.0
690,28.0
691,24.0
692,24.0
693,26.0
694,24.0
695,23.0
696,26.0
697,26.0
698,25.0
699,24.0
700,25.0
701,22.0
702,27.0
703,25.0
704,26.0
705,29.0
706,24.0
707,25.0
708,23.0
709,24.0
710,25.0
711,27.0
712,26.0
713,24.0
714,29.0
715,29.0
716,31.0
717,26.0
718,29.0
719,28.0
720,28.0
721,26.0
722,24.0
723,27.0
724,24.0
725,27.0
726,24.0
727,26.0
728,25.0
729,27.0
730,28.0
731,27.0
732,26.0
733,24.0
734,24.0
735,27.0
736,29.0
737,28.0
738,24.0
739,29.0
740,25.0
741,26.0
742,26.0
743,26.0
744,27.0
745,25.0
746,26.0
747,25.0
748,24.0
749,22.0
750,27.0
751,25.0
752,28.0
753,25.0
754,27.0
755,28.0
756,23.0
757,25.0
758,23.0
759,27.0
760,26.0
761,27.0
762,22.0
763,28.0
764,27.0
765,29.0
766,21.0
767,27.0
768,26.0
769,24.0
770,24.0
771,25.0
772,26.0
773,23.0
774,25.0
775,28.0
776,28.0
777,25.0
778,32.0
779,26.0
780,25.0
781,26.0
782,23.0
783,25.0
784,26.0
785,26.0
786,25.0
787,23.0
788,27.0
789,25.0
790,23.0
791,27.0
792,28.0
793,28.0
794,29.0
795,26.0
796,28.0
797,27.0
798,27.0
799,25.0
800,27.0
801,26.0
802,26.0
803,26.0
804,23.0
805,26.0
806,24.0
807,25.0
808,26.0
809,26.0
810,24.0
811,23.0
812,30.0
813,29.0
814,27.0
815,28.0
816,27.0
817,24.0
818,24.0
819,27.0
820,28.0
821,26.0
822,26.0
823,25.0
824,29.0
825,25.0
826,28.0
827,26.0
828,25.0
829,27.0
830,25.0
831,30.0
832,27.0
833,26.0
834,24.0
835,24.0
836,27.0
837,27.0
838,27.0
839,25.0
840,24.0
841,23.0
842,27.0
843,28.0
844,23.0
845,26.0
846,26.0
847,25.0
848,28.0
849,25.0
850,26.0
851,27.0
852,27.0
853,28.0
854,24.0
855,26.0
856,28.0
857,28.0
858,30.0
859,23.0
860,27.0
861,29.0
862,28.0
863,26.0
864,28.0
865,26.0
866,28.0
867,28.0
868,26.0
869,30.0
870,24.0
871,27.0
872,27.0
873,25.0
874,27.0
875,27.0
876,25.0
877,26.0
878,25.0
879,33.0
880,23.0
881,31.0
882,21.0
883,28.0
884,26.0
885,29.0
886,27.0
887,28.0
888,29.0
889,26.0
890,27.0
891,26.0
892,27.0
893,28.0
894,26.0
895,25.0
896,26.0
897,26.0
898,24.0
899,26.0
900,28.0
901,28.0
902,27.0
903,25.0
904,24.0
905,26.0
906,28.0
907,27.0
908,26.0
909,26.0
910,24.0
911,27.0
912,28.0
913,29.0
914,25.0
915,29.0
916,26.0
917,25.0
918,29.0
919,26.0
920,27.0
921,23.0
922,26.0
923,25.0
924,27.0
925,27.0
926,26.0
927,29.0
928,25.0
929,28.0
930,24.0
931,29.0
932,27.0
933,27.0
934,26.0
935,23.0
936,25.0
937,25.0
938,25.0
939,25.0
940,25.0
941,25.0
942,23.0
943,26.0
944,29.0
945,28.0
946,27.0
947,28.0
948,27.0
949,24.0
950,27.0
951,27.0
952,26.0
953,31.0
954,26.0
955,26.0
956,27.0
957,26.0
958,29.0
959,25.0
960,24.0
961,26.0
962,26.0
963,28.0
964,25.0
965,25.0
966,23.0
967,26.0
968,29.0
969,29.0
970,28.0
971,24.0
972,27.0
973,26.0
974,25.0
975,27.0
976,29.0
977,25.0
978,24.0
979,26.0
980,28.0
981,26.0
982,24.0
983,25.0
984,27.0
985,26.0
986,26.0
987,22.0
988,27.0
989,23.0
990,28.0
991,28.0
992,26.0
993,27.0
994,27.0
995,22.0
996,26.0
997,25.0
998,25.0
999,26.0
1000,26.0
1001,26.0
1002,25.0
1003,24.0
1004,28.0
1005,25.0
1006,29.0
1007,23.0
1008,24.0
1009,29.0
1010,28.0
1011,25.0
1012,28.0
1013,27.0
1014,28.0
1015,23.0
1016,32.0
1017,26.0
1018,25.0
1019,27.0
1020,24.0
1021,26.0
1022,27.0
1023,27.0
1024,26.0
1025,26.0
1026,27.0
1027,29.0
1028,25.0
1029,25.0
1030,28.0
1031,25.0
1032,26.0
1033,29.0
1034,25.0
1035,30.0
1036,25.0
1037,25.0
1038,26.0
1039,28.0
1040,27.0
1041,26.0
1042,27.0
1043,24.0
1044,29.0
1045,26.0
1046,28.0
1047,26.0
1048,25.0
1049,25.0
1050,30.0
1051,25.0
1052,25.0
1053,25.0
1054,26.0
1055,23.0
1056,30.0
1057,28.0
1058,32.0
1059,26.0
1060,23.0
1061,25.0
1062,27.0
1063,26.0
1064,24.0
1065,26.0
1066,28.0
1067,24.0
1068,23.0
1069,26.0
1070,25.0
1071,26.0
1072,24.0
1073,26.0
1074,24.0
1075,26.0
1076,28.0
1077,28.0
1078,28.0
1079,28.0
1080,26.0
1081,25.0
1082,28.0
1083,22.0
1084,25.0
1085,26.0
1086,24.0
1087,24.0
1088,26.0
1089,22.0
1090,26.0
1091,26.0
1092,23.0
1093,25.0
1094,24.0
1095,26.0
1096,26.0
1097,26.0
1098,26.0
1099,25.0
1100,25.0
1101,28.0
1102,25.0
1103,27.0
1104,25.0
1105,25.0
1106,26.0
1107,26.0
1108,25.0
1109,27.0
1110,27.0
1111,24.0
1112,24.0
1113,24.0
1114,23.0
1115,28.0
1116,29.0
1117,26.0
1118,28.0
1119,26.0
1120,27.0
1121,28.0
1122,27.0
1123,25.0
1124,25.0
1125,24.0
1126,26.0
1127,24.0
1128,25.0
1129,28.0
1130,28.0
1131,28.0
1132,25.0
1133,24.0
1134,27.0
1135,28.0
1136,28.0
1137,26.0
1138,27.0
1139,26.0
1140,24.0
1141,28.0
1142,25.0
1143,24.0
1144,28.0
1145,29.0
1146,26.0
1147,24.0
1148,24.0
1149,26.0
1150,25.0
1151,25.0
1152,26.0
1153,28.0
1154,23.0
1155,28.0
1156,25.0
1157,26.0
1158,28.0
1159,26.0
1160,26.0
1161,28.0
1162,23.0
1163,25.0
1164,27.0
1165,28.0
1166,25.0
1167,27.0
1168,25.0
1169,28.0
1170,27.0
1171,28.0
1172,25.0
1173,28.0
1174,25.0
1175,28.0
1176,26.0
1177,25.0
1178,25.0
1179,26.0
1180,26.0
1181,27.0
1182,25.0
1183,26.0
1184,27.0
1185,25.0
1186,25.0
1187,23.0
1188,24.0
1189,25.0
1190,28.0
1191,30.0
1192,28.0
1193,26.0
1194,24.0
1195,25.0
1196,26.0
1197,23.0
1198,31.0
1199,24.0
1200,25.0
1201,28.0
1202,27.0
1203,29.0
1204,27.0
1205,28.0
1206,26.0
1207,25.0
1208,23.0
1209,26.0
1210,26.0
1211,24.0
1212,24.0
1213,28.0
1214,27.0
1215,29.0
1216,27.0
1217,27.0
1218,25.0
1219,24.0
1220,29.0
1221,27.0
1222,26.0
1223,25.0
1224,25.0
1225,26.0
1226,26.0
1227,24.0
1228,26.0
1229,24.0
1230,28.0
1231,26.0
1232,27.0
1233,29.0
1234,23.0
1235,25.0
1236,24.0
1237,26.0
1238,26.0
1239,27.0
1240,24.0
1241,25.0
1242,30.0
1243,24.0
1244,23.0
1245,27.0
1246,28.0
1247,25.0
1248,29.0
1249,25.0
1250,26.0
1251,26.0
1252,25.0
1253,26.0
1254,28.0
1255,29.0
1256,27.0
1257,26.0
1258,26.0
1259,26.0
1260,23.0
1261,27.0
1262,26.0
1263,24.0
1264,27.0
1265,29.0
1266,25.0
1267,23.0
1268,26.0
1269,24.0
1270,25.0
1271,24.0
1272,29.0
1273,27.0
1274,29.0
1275,27.0
1276,28.0
1277,28.0
1278,23.0
1279,24.0
1280,25.0
1281,27.0
1282,28.0
1283,23.0
1284,29.0
1285,24.0
1286,23.0
1287,25.0
1288,28.0
1289,23.0
1290,27.0
1291,26.0
1292,26.0
1293,27.0
1294,28.0
1295,23.0
1296,27.0
1297,28.0
1298,26.0
1299,23.0
1300,27.0
1301,26.0
1302,24.0
1303,25.0
1304,27.0
1305,28.0
1306,26.0
1307,28.0
1308,24.0
1309,26.0
1310,24.0
1311,24.0
1312,26.0
1313,25.0
1314,27.0
1315,25.0
1316,24.0
1317,27.0
1318,28.0
1319,27.0
1320,25.0
1321,26.0
1322,26.0
1323,31.0
1324,27.0
1325,24.0
1326,24.0
1327,28.0
1328,25.0
1329,28.0
1330,25.0
1331,27.0
1332,27.0
1333,26.0
1334,28.0
1335,28.0
1336,28.0
1337,24.0
1338,25.0
1339,25.0
1340,24.0
1341,27.0
1342,26.0
1343,23.0
1344,25.0
1345,25.0
1346,24.0
1347,26.0
1348,30.0
1349,23.0
1350,24.0
1351,26.0
1352,25.0
1353,26.0
1354,27.0
1355,27.0
1356,26.0
1357,24.0
1358,25.0
1359,28.0
1360,28.0
1361,26.0
1362,24.0
1363,27.0
1364,27.0
1365,25.0
1366,24.0
1367,28.0
1368,26.0
1369,26.0
1370,25.0
1371,26.0
1372,28.0
1373,25.0
1374,23.0
1375,27.0
1376,27.0
1377,31.0
1378,23.0
1379,24.0
1380,26.0
1381,25.0
1382,26.0
1383,28.0
1384,28.0
1385,25.0
1386,28.0
1387,23.0
1388,25.0
1389,29.0
1390,28.0
1391,26.0
1392,26.0
1393,27.0
1394,25.0
1395,28.0
1396,26.0
1397,28.0
1398,31.0
1399,27.0
1400,24.0
1401,29.0
1402,27.0
1403,22.0
1404,24.0
1405,28.0
1406,25.0
1407,27.0
1408,25.0
1409,25.0
1410,25.0
1411,24.0
1412,26.0
1413,28.0
1414,25.0
1415,30.0
1416,25.0
1417,27.0
1418,27.0
1419,27.0
1420,26.0
1421,29.0
1422,25.0
1423,30.0
1424,25.0
1425,27.0
1426,30.0
1427,22.0
1428,27.0
1429,23.0
1430,25.0
1431,24.0
1432,31.0
1433,25.0
1434,24.0
1435,26.0
1436,24.0
1437,27.0
1438,25.0
1439,28.0
1440,27.0
1441,28.0
1442,25.0
1443,25.0
1444,23.0
1445,27.0
1446,24.0
1447,21.0
1448,26.0
1449,24.0
1450,25.0
1451,25.0
1452,30.0
1453,29.0
1454,27.0
1455,26.0
1456,26.0
1457,27.0
1458,25.0
1459,26.0
1460,26.0
1461,22.0
1462,23.0
1463,26.0
1464,25.0
1465,26.0
1466,24.0
1467,28.0
1468,24.0
1469,26.0
1470,23.0
1471,24.0
1472,25.0
1473,27.0
1474,28.0
1475,31.0
1476,28.0
1477,26.0
1478,29.0
1479,26.0
1480,28.0
1481,29.0
1482,25.0
1483,24.0
1484,24.0
1485,25.0
1486,25.0
1487,26.0
1488,25.0
1489,24.0
1490,27.0
1491,25.0
1492,26.0
1493,27.0
1494,26.0
1495,25.0
1496,26.0
1497,27.0
1498,26.0
1499,28.0
1500,26.0
1501,27.0
1502,26.0
1503,25.0
1504,29.0
1505,27.0
1506,29.0
1507,26.0
1508,28.0
1509,25.0
1510,24.0
1511,22.0
1512,28.0
1513,26.0
1514,30.0
1515,28.0
1516,27.0
1517,26.0
1518,27.0
1519,27.0
1520,27.0
1521,28.0
1522,25.0
1523,27.0
1524,26.0
1525,26.0
1526,27.0
1527,28.0
1528,25.0
1529,28.0
1530,23.0
1531,26.0
1532,31.0
1533,23.0
1534,26.0
1535,25.0
1536,26.0
1537,26.0
1538,27.0
1539,27.0
1540,27.0
1541,25.0
1542,22.0
1543,25.0
1544,25.0
1545,27.0
1546,26.0
1547,27.0
1548,27.0
1549,25.0
1550,27.0
1551,28.0
1552,28.0
1553,27.0
1554,24.0
1555,24.0
1556,27.0
1557,25.0
1558,28.0
1559,25.0
1560,28.0
1561,26.0
1562,27.0
1563,27.0
1564,28.0
1565,26.0
1566,25.0
1567,27.0
1568,25.0
1569,26.0
1570,26.0
1571,26.0
1572,26.0
1573,25.0
1574,25.0
1575,25.0
1576,28.0
1577,26.0
1578,27.0
1579,26.0
1580,25.0
1581,24.0
1582,25.0
1583,30.0
1584,29.0
1585,28.0
1586,28.0
1587,24.0
1588,29.0
1589,28.0
1590,26.0
1591,26.0
1592,26.0
1593,22.0
1594,25.0
1595,25.0
1596,27.0
1597,26.0
1598,28.0
1599,28.0
1600,26.0
1601,27.0
1602,23.0
1603,27.0
1604,25.0
1605,25.0
1606,26.0
1607,32.0
1608,27.0
1609,28.0
1610,24.0
1611,24.0
1612,28.0
1613,26.0
1614,29.0
1615,29.0
1616,24.0
1617,28.0
1618,27.0
1619,25.0
1620,24.0
1621,26.0
1622,24.0
1623,26.0
1624,28.0
1625,26.0
1626,23.0
1627,30.0
1628,28.0
1629,26.0
1630,26.0
1631,28.0
1632,25.0
1633,25.0
1634,26.0
1635,27.0
1636,27.0
1637,31.0
1638,26.0
1639,23.0
1640,26.0
1641,24.0
1642,25.0
1643,25.0
1644,25.0
1645,26.0
1646,24.0
1647,26.0
1648,29.0
1649,28.0
1650,25.0
1651,29.0
1652,23.0
1653,27.0
1654,24.0
1655,28.0
1656,28.0
1657,27.0
1658,26.0
1659,22.0
1660,25.0
1661,28.0
1662,29.0
1663,26.0
1664,27.0
1665,26.0
1666,30.0
1667,23.0
1668,23.0
1669,25.0
1670,25.0
1671,23.0
1672,24.0
1673,26.0
1674,25.0
1675,24.0
1676,27.0
1677,25.0
1678,25.0
1679,25.0
1680,26.0
1681,29.0
1682,25.0
1683,26.0
1684,27.0
1685,24.0
1686,28.0
1687,31.0
1688,27.0
1689,26.0
1690,22.0
1691,24.0
1692,27.0
1693,26.0
1694,27.0
1695,28.0
1696,25.0
1697,25.0
1698,26.0
1699,25.0
1700,26.0
1701,27.0
1702,29.0
1703,27.0
1704,24.0
1705,26.0
1706,25.0
1707,30.0
1708,26.0
1709,26.0
1710,27.0
1711,27.0
1712,27.0
1713,28.0
1714,27.0
1715,30.0
1716,24.0
1717,27.0
1718,27.0
1719,27.0
1720,27.0
1721,27.0
1722,28.0
1723,25.0
1724,25.0
1725,27.0
1726,26.0
1727,24.0
1728,26.0
1729,26.0
1730,28.0
1731,27.0
1732,28.0
1733,24.0
1734,28.0
1735,27.0
1736,27.0
1737,25.0
1738,29.0
1739,26.0
1740,28.0
1741,27.0
1742,25.0
1743,28.0
1744,27.0
1745,26.0
1746,23.0
1747,24.0
1748,25.0
1749,28.0
1750,24.0
1751,25.0
1752,24.0
1753,26.0
1754,26.0
1755,26.0
1756,25.0
1757,24.0
1758,26.0
1759,21.0
1760,28.0
1761,27.0
1762,29.0
1763,25.0
1764,28.0
1765,25.0
1766,28.0
1767,27.0
1768,24.0
1769,28.0
1770,22.0
1771,26.0
1772,25.0
1773,27.0
1774,27.0
1775,26.0
1776,24.0
1777,26.0
1778,30.0
1779,27.0
1780,26.0
1781,31.0
1782,24.0
1783,26.0
1784,25.0
1785,26.0
1786,26.0
1787,23.0
1788,26.0
1789,28.0
1790,26.0
1791,26.0
1792,23.0
1793,25.0
1794,28.0
1795,24.0
1796,26.0
1797,29.0
1798,27.0
1799,24.0
1800,27.0
1801,29.0
1802,24.0
1803,26.0
1804,27.0
1805,26.0
1806,26.0
1807,26.0
1808,25.0
1809,25.0
1810,27.0
1811,26.0
1812,21.0
1813,27.0
1814,25.0
1815,24.0
1816,25.0
1817,23.0
1818,23.0
1819,26.0
1820,29.0
1821,26.0
1822,27.0
1823,27.0
1824,26.0
1825,26.0
1826,27.0
1827,27.0
1828,26.0
1829,26.0
1830,26.0
1831,27.0
1832,27.0
1833,23.0
1834,21.0
1835,29.0
1836,26.0
1837,28.0
1838,28.0
1839,27.0
1840,27.0
1841,25.0
1842,30.0
1843,28.0
1844,26.0
1845,25.0
1846,23.0
1847,27.0
1848,28.0
1849,24.0
1850,24.0
1851,28.0
1852,27.0
1853,28.0
1854,28.0
1855,26.0
1856,23.0
1857,28.0
1858,26.0
1859,24.0
1860,24.0
1861,29.0
1862,25.0
1863,25.0
1864,23.0
1865,25.0
1866,26.0
1867,25.0
1868,26.0
1869,26.0
1870,25.0
1871,25.0
1872,25.0
1873,29.0
1874,29.0
1875,23.0
1876,24.0
1877,25.0
1878,25.0
1879,26.0
1880,26.0
1881,23.0
1882,24.0
1883,23.0
1884,26.0
1885,28.0
1886,25.0
1887,25.0
1888,27.0
1889,29.0
1890,26.0
1891,26.0
1892,25.0
1893,25.0
1894,23.0
1895,25.0
1896,24.0
1897,27.0
1898,29.0
1899,28.0
1900,27.0
1901,25.0
1902,27.0
1903,27.0
1904,28.0
1905,25.0
1906,27.0
1907,27.0
1908,29.0
1909,29.0
1910,30.0
1911,27.0
1912,27.0
1913,30.0
1914,25.0
1915,26.0
1916,22.0
1917,28.0
1918,27.0
1919,27.0
1920,26.0
1921,27.0
1922,27.0
1923,29.0
1924,26.0
1925,26.0
1926,26.0
1927,30.0
1928,24.0
1929,24.0
1930,27.0
1931,27.0
1932,29.0
1933,24.0
1934,24.0
1935,28.0
1936,26.0
1937,23.0
1938,24.0
1939,24.0
1940,26.0
1941,26.0
1942,25.0
1943,26.0
1944,23.0
1945,24.0
1946,26.0
1947,25.0
1948,27.0
1949,27.0
1950,28.0
1951,27.0
1952,20.0
1953,24.0
1954,23.0
1955,27.0
1956,28.0
1957,26.0
1958,27.0
1959,29.0
1960,27.0
1961,24.0
1962,29.0
1963,27.0
1964,27.0
1965,26.0
1966,24.0
1967,29.0
1968,26.0
1969,23.0
1970,25.0
1971,26.0
1972,28.0
1973,22.0
1974,25.0
1975,25.0
1976,26.0
1977,27.0
1978,27.0
1979,26.0
1980,25.0
1981,26.0
1982,24.0
1983,24.0
1984,25.0
1985,27.0
1986,28.0
1987,24.0
1988,27.0
1989,25.0
1990,25.0
1991,25.0
1992,28.0
1993,27.0
1994,25.0
1995,29.0
1996,25.0
1997,27.0
1998,25.0
1999,24.0
2000,26.0
2001,26.0
2002,25.0
2003,25.0
2004,24.0
2005,27.0
2006,28.0
2007,26.0
2008,26.0
2009,27.0
2010,27.0
2011,27.0
2012,27.0
2013,27.0
2014,28.0
2015,29.0
2016,25.0
2017,27.0
2018,29.0
2019,22.0
2020,25.0
2021,23.0
2022,24.0
2023,24.0
2024,25.0
2025,27.0
2026,24.0
2027,24.0
2028,28.0
2029,23.0
2030,26.0
2031,23.0
2032,33.0
2033,27.0
2034,29.0
2035,26.0
2036,26.0
2037,25.0
2038,26.0
2039,24.0
2040,22.0
2041,26.0
2042,24.0
2043,25.0
2044,27.0
2045,25.0
2046,25.0
2047,25.0
2048,26.0
2049,25.0
2050,26.0
2051,27.0
2052,23.0
2053,25.0
2054,27.0
2055,24.0
2056,30.0
2057,21.0
2058,27.0
2059,23.0
2060,27.0
2061,26.0
2062,24.0
2063,24.0
2064,25.0
2065,28.0
2066,26.0
2067,28.0
2068,26.0
2069,26.0
2070,26.0
2071,27.0
2072,28.0
2073,28.0
2074,25.0
2075,26.0
2076,28.0
2077,27.0
2078,27.0
2079,27.0
2080,23.0
2081,27.0
2082,29.0
2083,27.0
2084,26.0
2085,23.0
2086,30.0
2087,28.0
2088,27.0
2089,27.0
2090,27.0
2091,24.0
2092,29.0
2093,26.0
2094,27.0
2095,27.0
2096,28.0
2097,30.0
2098,27.0
2099,24.0
2100,26.0
2101,25.0
2102,27.0
2103,28.0
2104,26.0
2105,25.0
2106,26.0
2107,25.0
2108,27.0
2109,26.0
2110,25.0
2111,26.0
2112,29.0
2113,25.0
2114,22.0
2115,28.0
2116,29.0
2117,27.0
2118,23.0
2119,25.0
2120,25.0
2121,26.0
2122,24.0
2123,28.0
2124,28.0
2125,25.0
2126,23.0
2127,26.0
2128,23.0
2129,27.0
2130,23.0
2131,26.0
2132,26.0
2133,26.0
2134,26.0
2135,25.0
2136,23.0
2137,24.0
2138,25.0
2139,24.0
2140,27.0
2141,24.0
2142,27.0
2143,27.0
2144,25.0
2145,29.0
2146,25.0
2147,25.0
2148,26.0
2149,26.0
2150,30.0
2151,25.0
2152,28.0
2153,28.0
2154,31.0
2155,26.0
2156,24.0
2157,24.0
2158,25.0
2159,27.0
2160,26.0
2161,25.0
2162,27.0
2163,28.0
2164,26.0
2165,26.0
2166,23.0
2167,28.0
2168,30.0
2169,23.0
2170,24.0
2171,27.0
2172,27.0
2173,28.0
2174,25.0
2175,23.0
2176,22.0
2177,29.0
2178,26.0
2179,25.0
2180,27.0
2181,26.0
2182,26.0
2183,26.0
2184,26.0
2185,26.0
2186,27.0
2187,27.0
2188,28.0
2189,26.0
2190,26.0
2191,22.0
2192,25.0
2193,26.0
2194,24.0
2195,28.0
2196,27.0
2197,25.0
2198,26.0
2199,27.0
2200,23.0
2201,26.0
2202,26.0
2203,27.0
2204,23.0
2205,27.0
2206,24.0
2207,26.0
2208,26.0
2209,26.0
2210,27.0
2211,25.0
2212,29.0
2213,26.0
2214,27.0
2215,25.0
2216,23.0
2217,24.0
2218,29.0
2219,25.0
2220,27.0
2221,23.0
2222,23.0
2223,26.0
2224,24.0
2225,26.0
2226,28.0
2227,25.0
2228,29.0
2229,26.0
2230,24.0
2231,23.0
2232,27.0
2233,22.0
2234,25.0
2235,27.0
2236,26.0
2237,25.0
2238,26.0
2239,27.0
2240,24.0
2241,24.0
2242,26.0
2243,27.0
2244,28.0
2245,26.0
2246,26.0
2247,24.0
2248,26.0
2249,28.0
2250,26.0
2251,28.0
2252,30.0
2253,27.0
2254,27.0
2255,22.0
2256,27.0
2257,28.0
2258,24.0
2259,29.0
2260,25.0
2261,29.0
2262,26.0
2263,30.0
2264,27.0
2265,24.0
2266,26.0
2267,25.0
2268,22.0
2269,26.0
2270,25.0
2271,28.0
2272,24.0
2273,22.0
2274,30.0
2275,23.0
2276,25.0
2277,29.0
2278,23.0
2279,27.0
2280,29.0
2281,26.0
2282,26.0
2283,25.0
2284,25.0
2285,24.0
2286,26.0
2287,26.0
2288,28.0
2289,26.0
2290,26.0
2291,24.0
2292,28.0
2293,30.0
2294,23.0
2295,29.0
2296,25.0
2297,29.0
2298,26.0
2299,25.0
2300,28.0
2301,25.0
2302,26.0
2303,27.0
2304,28.0
2305,29.0
2306,27.0
2307,30.0
2308,24.0
2309,26.0
2310,27.0
2311,26.0
2312,26.0
2313,24.0
2314,26.0
2315,24.0
2316,25.0
2317,29.0
2318,25.0
2319,22.0
2320,24.0
2321,25.0
2322,24.0
2323,27.0
2324,27.0
2325,25.0
2326,25.0
2327,26.0
2328,25.0
2329,28.0
2330,26.0
2331,27.0
2332,29.0
2333,27.0
2334,26.0
2335,30.0
2336,24.0
2337,28.0
2338,23.0
2339,28.0
2340,25.0
2341,27.0
2342,26.0
2343,28.0
2344,24.0
2345,24.0
2346,26.0
2347,29.0
2348,25.0
2349,24.0
2350,27.0
2351,27.0
2352,27.0
2353,27.0
2354,24.0
2355,23.0
2356,28.0
2357,27.0
2358,28.0
2359,25.0
2360,27.0
2361,25.0
2362,24.0
2363,24.0
2364,25.0
2365,27.0
2366,23.0
2367,28.0
2368,25.0
2369,25.0
2370,23.0
2371,25.0
2372,26.0
2373,29.0
2374,25.0
2375,25.0
2376,27.0
2377,27.0
2378,26.0
2379,27.0
2380,28.0
2381,27.0
2382,28.0
2383,22.0
2384,23.0
2385,24.0
2386,26.0
2387,27.0
2388,28.0
2389,26.0
2390,25.0
2391,27.0
2392,28.0
2393,25.0
2394,30.0
2395,24.0
2396,23.0
2397,27.0
2398,23.0
2399,29.0
2400,25.0
2401,25.0
2402,25.0
2403,29.0
2404,25.0
2405,23.0
2406,32.0
2407,25.0
2408,23.0
2409,29.0
2410,26.0
2411,27.0
2412,27.0
2413,27.0
2414,29.0
2415,26.0
2416,25.0
2417,28.0
2418,24.0
2419,24.0
2420,26.0
2421,29.0
2422,29.0
2423,26.0
2424,25.0
2425,26.0
2426,26.0
2427,23.0
2428,28.0
2429,31.0
2430,24.0
2431,29.0
2432,28.0
2433,24.0
2434,25.0
2435,26.0
2436,26.0
2437,25.0
2438,27.0
2439,31.0
2440,27.0
2441,25.0
2442,24.0
2443,26.0
2444,28.0
2445,28.0
2446,27.0
2447,26.0
2448,24.0
2449,26.0
2450,27.0
2451,24.0
2452,25.0
2453,24.0
2454,25.0
2455,30.0
2456,26.0
2457,28.0
2458,26.0
2459,26.0
2460,26.0
2461,24.0
2462,25.0
2463,28.0
2464,27.0
2465,25.0
2466,25.0
2467,26.0
2468,28.0
2469,29.0
2470,25.0
2471,27.0
2472,24.0
2473,27.0
2474,26.0
2475,27.0
2476,26.0
2477,23.0
2478,24.0
2479,27.0
2480,27.0
2481,24.0
2482,22.0
2483,25.0
2484,25.0
2485,26.0
2486,32.0
2487,25.0
2488,27.0
2489,27.0
2490,28.0
2491,27.0
2492,27.0
2493,26.0
2494,26.0
2495,26.0
2496,26.0
2497,25.0
2498,23.0
2499,26.0
2500,26.0
2501,25.0
2502,24.0
2503,30.0
2504,24.0
2505,28.0
2506,26.0
2507,27.0
2508,25.0
2509,27.0
2510,26.0
2511,26.0
2512,25.0
2513,24.0
2514,29.0
2515,25.0
2516,26.0
2517,27.0
2518,27.0
2519,24.0
2520,26.0
2521,29.0
2522,30.0
2523,25.0
2524,27.0
2525,28.0
2526,23.0
2527,27.0
2528,30.0
2529,23.0
2530,26.0
2531,28.0
2532,26.0
2533,28.0
2534,26.0
2535,24.0
2536,28.0
2537,22.0
2538,27.0
2539,28.0
2540,28.0
2541,26.0
2542,27.0
2543,28.0
2544,26.0
2545,28.0
2546,26.0
2547,27.0
2548,26.0
2549,24.0
2550,27.0
2551,25.0
2552,27.0
2553,28.0
2554,25.0
2555,29.0
2556,29.0
2557,30.0
2558,25.0
2559,25.0
2560,26.0
2561,24.0
2562,25.0
2563,25.0
2564,25.0
2565,25.0
2566,24.0
2567,26.0
2568,24.0
2569,28.0
2570,27.0
2571,27.0
2572,28.0
2573,26.0
2574,25.0
2575,24.0
2576,25.0
2577,26.0
2578,26.0
2579,24.0
2580,26.0
2581,26.0
2582,25.0
2583,25.0
2584,26.0
2585,26.0
2586,30.0
2587,28.0
2588,28.0
2589,27.0
2590,24.0
2591,28.0
2592,28.0
2593,33.0
2594,25.0
2595,26.0
2596,23.0
2597,27.0
2598,25.0
2599,28.0
2600,27.0
2601,25.0
2602,28.0
2603,28.0
2604,26.0
2605,31.0
2606,30.0
2607,29.0
2608,24.0
2609,25.0
2610,27.0
2611,24.0
2612,24.0
2613,30.0
2614,21.0
2615,25.0
2616,24.0
2617,27.0
2618,28.0
2619,27.0
2620,26.0
2621,30.0
2622,25.0
2623,25.0
2624,27.0
2625,28.0
2626,29.0
2627,27.0
2628,23.0
2629,25.0
2630,25.0
2631,25.0
2632,28.0
2633,26.0
2634,29.0
2635,25.0
2636,23.0
2637,24.0
2638,23.0
2639,27.0
2640,28.0
2641,24.0
2642,22.0
2643,27.0
2644,28.0
2645,29.0
2646,29.0
2647,25.0
2648,27.0
2649,27.0
2650,25.0
2651,24.0
2652,26.0
2653,26.0
2654,28.0
2655,25.0
2656,25.0
2657,24.0
2658,25.0
2659,26.0
2660,25.0
2661,26.0
2662,28.0
2663,25.0
2664,29.0
2665,25.0
2666,27.0
2667,26.0
2668,28.0
2669,27.0
2670,25.0
2671,26.0
2672,24.0
2673,26.0
2674,26.0
2675,29.0
2676,26.0
2677,26.0
2678,30.0
2679,28.0
2680,26.0
2681,27.0
2682,29.0
2683,23.0
2684,29.0
2685,25.0
2686,27.0
2687,27.0
2688,27.0
2689,29.0
2690,25.0
2691,29.0
2692,29.0
2693,27.0
2694,25.0
2695,26.0
2696,26.0
2697,25.0
2698,26.0
2699,24.0
2700,24.0
2701,25.0
2702,28.0
2703,27.0
2704,25.0
2705,29.0
2706,26.0
2707,26.0
2708,26.0
2709,26.0
2710,26.0
2711,25.0
2712,25.0
2713,26.0
2714,27.0
2715,27.0
2716,27.0
2717,28.0
2718,24.0
2719,29.0
2720,25.0
2721,25.0
2722,25.0
2723,27.0
2724,24.0
2725,28.0
2726,27.0
2727,25.0
2728,26.0
2729,27.0
2730,25.0
2731,25.0
2732,26.0
2733,26.0
2734,24.0
2735,25.0
2736,25.0
2737,29.0
2738,26.0
2739,27.0
2740,25.0
2741,24.0
2742,27.0
2743,25.0
2744,25.0
2745,26.0
2746,25.0
2747,26.0
2748,26.0
2749,29.0
2750,24.0
2751,26.0
2752,26.0
2753,27.0
2754,24.0
2755,27.0
2756,23.0
2757,26.0
2758,29.0
2759,24.0
2760,32.0
2761,30.0
2762,28.0
2763,27.0
2764,24.0
2765,26.0
2766,23.0
2767,26.0
2768,25.0
2769,24.0
2770,26.0
2771,26.0
2772,27.0
2773,29.0
2774,24.0
2775,27.0
2776,29.0
2777,26.0
2778,25.0
2779,25.0
2780,29.0
2781,27.0
2782,26.0
2783,25.0
2784,27.0
2785,23.0
2786,26.0
2787,23.0
2788,28.0
2789,26.0
2790,26.0
2791,29.0
2792,28.0
2793,27.0
2794,26.0
2795,24.0
2796,24.0
2797,29.0
2798,28.0
2799,28.0
2800,23.0
2801,27.0
2802,27.0
2803,27.0
2804,25.0
2805,24.0
2806,27.0
2807,26.0
2808,22.0
2809,26.0
2810,26.0
2811,26.0
2812,24.0
2813,28.0
2814,27.0
2815,26.0
2816,22.0
2817,27.0
2818,25.0
2819,28.0
2820,23.0
2821,28.0
2822,22.0
2823,25.0
2824,26.0
2825,29.0
2826,26.0
2827,27.0
2828,29.0
2829,27.0
2830,27.0
2831,23.0
2832,25.0
2833,28.0
2834,26.0
2835,27.0
2836,27.0
2837,26.0
2838,26.0
2839,27.0
2840,30.0
2841,26.0
2842,28.0
2843,23.0
2844,27.0
2845,23.0
2846,28.0
2847,26.0
2848,28.0
2849,26.0
2850,27.0
2851,25.0
2852,27.0
2853,29.0
2854,28.0
2855,23.0
2856,26.0
2857,24.0
2858,25.0
2859,23.0
2860,29.0
2861,26.0
2862,24.0
2863,26.0
2864,28.0
2865,22.0
2866,29.0
2867,25.0
2868,28.0
2869,25.0
2870,27.0
2871,23.0
2872,23.0
2873,25.0
2874,24.0
2875,28.0
2876,27.0
2877,27.0
2878,27.0
2879,24.0
2880,27.0
2881,24.0
2882,27.0
2883,27.0
2884,27.0
2885,24.0
2886,27.0
2887,26.0
2888,24.0
2889,27.0
2890,29.0
2891,24.0
2892,26.0
2893,25.0
2894,24.0
2895,25.0
2896,27.0
2897,28.0
2898,25.0
2899,24.0
2900,22.0
2901,26.0
2902,27.0
2903,27.0
2904,28.0
2905,28.0
2906,26.0
2907,27.0
2908,29.0
2909,24.0
2910,25.0
2911,26.0
2912,27.0
2913,24.0
2914,25.0
2915,24.0
2916,28.0
2917,27.0
2918,26.0
2919,27.0
2920,27.0
2921,28.0
2922,27.0
2923,27.0
2924,28.0
2925,26.0
2926,25.0
2927,26.0
2928,24.0
2929,30.0
2930,27.0
2931,27.0
2932,22.0
2933,25.0
2934,25.0
2935,25.0
2936,27.0
2937,27.0
2938,31.0
2939,27.0
2940,27.0
2941,24.0
2942,28.0
2943,28.0
2944,25.0
2945,24.0
2946,29.0
2947,25.0
2948,28.0
2949,25.0
2950,28.0
2951,27.0
2952,27.0
2953,27.0
2954,27.0
2955,25.0
2956,28.0
2957,24.0
2958,23.0
2959,26.0
2960,28.0
2961,28.0
2962,24.0
2963,24.0
2964,27.0
2965,22.0
2966,26.0
2967,28.0
2968,22.0
2969,28.0
2970,26.0
2971,23.0
2972,27.0
2973,28.0
2974,26.0
2975,28.0
2976,25.0
2977,25.0
2978,23.0
2979,26.0
2980,26.0
2981,25.0
2982,27.0
2983,29.0
2984,27.0
2985,27.0
2986,23.0
2987,27.0
2988,23.0
2989,25.0
2990,25.0
2991,25.0
2992,28.0
2993,28.0
2994,29.0
2995,26.0
2996,25.0
2997,23.0
2998,26.0
2999,28.0
3000,29.0
