episode,total_reward
1,31
2,27
3,25
4,25
5,33
6,29
7,19
8,25
9,27
10,26
11,32
12,25
13,27
14,24
15,28
16,31
17,24
18,26
19,29
20,35
21,25
22,28
23,23
24,28
25,31
26,22
27,32
28,24
29,35
30,27
31,30
32,29
33,30
34,20
35,26
36,29
37,28
38,41
39,25
40,37
41,28
42,24
43,28
44,24
45,37
46,29
47,24
48,24
49,17
50,27
51,29
52,23
53,32
54,23
55,27
56,39
57,32
58,27
59,20
60,27
61,27
62,25
63,24
64,19
65,31
66,26
67,31
68,38
69,29
70,34
71,34
72,25
73,30
74,30
75,28
76,26
77,32
78,40
79,26
80,22
81,17
82,21
83,28
84,28
85,20
86,23
87,25
88,36
89,39
90,22
91,24
92,29
93,29
94,20
95,29
96,14
97,31
98,35
99,15
100,31
101,17
102,17
103,29
104,30
105,33
106,27
107,27
108,27
109,25
110,24
111,34
112,16
113,23
114,26
115,26
116,18
117,27
118,25
119,33
120,29
121,19
122,31
123,22
124,22
125,41
126,30
127,35
128,25
129,27
130,22
131,20
132,29
133,33
134,38
135,14
136,23
137,26
138,18
139,20
140,34
141,28
142,15
143,25
144,26
145,39
146,29
147,20
148,4
149,19
150,34
151,26
152,21
153,32
154,31
155,23
156,27
157,14
158,26
159,23
160,23
161,10
162,14
163,21
164,20
165,11
166,31
167,17
168,29
169,14
170,23
171,31
172,23
173,32
174,19
175,16
176,5
177,19
178,22
179,21
180,23
181,24
182,26
183,36
184,18
185,30
186,41
187,21
188,10
189,25
190,33
191,36
192,16
193,14
194,26
195,19
196,19
197,19
198,16
199,13
200,41
201,19
202,18
203,29
204,19
205,28
206,19
207,24
208,37
209,22
210,11
211,30
212,25
213,40
214,22
215,29
216,9
217,26
218,25
219,14
220,3
221,23
222,33
223,14
224,27
225,13
226,40
227,19
228,35
229,35
230,34
231,40
232,27
233,23
234,23
235,25
236,28
237,24
238,33
239,33
240,13
241,19
242,12
243,18
244,12
245,25
246,20
247,18
248,16
249,27
250,15
251,18
252,15
253,23
254,22
255,19
256,25
257,18
258,2
259,35
260,23
261,21
262,12
263,37
264,17
265,27
266,19
267,17
268,20
269,18
270,38
271,20
272,21
273,32
274,14
275,19
276,23
277,26
278,23
279,34
280,7
281,39
282,32
283,36
284,7
285,18
286,15
287,19
288,35
289,15
290,14
291,31
292,1
293,21
294,25
295,18
296,13
297,25
298,20
299,20
300,15
301,31
302,27
303,16
304,20
305,23
306,16
307,16
308,36
309,50
310,25
311,36
312,16
313,23
314,12
315,21
316,6
317,24
318,32
319,26
320,7
321,30
322,19
323,4
324,38
325,18
326,1
327,33
328,22
329,17
330,22
331,36
332,13
333,4
334,24
335,31
336,19
337,22
338,27
339,8
340,10
341,21
342,5
343,32
344,33
345,31
346,30
347,13
348,37
349,21
350,28
351,28
352,7
353,27
354,33
355,34
356,18
357,24
358,37
359,11
360,11
361,23
362,37
363,28
364,18
365,38
366,9
367,16
368,25
369,14
370,24
371,0
372,28
373,27
374,29
375,21
376,38
377,17
378,34
379,32
380,18
381,28
382,28
383,21
384,40
385,20
386,7
387,36
388,12
389,20
390,23
391,10
392,26
393,32
394,6
395,39
396,16
397,30
398,38
399,0
400,27
401,6
402,41
403,38
404,41
405,15
406,24
407,35
408,39
409,36
410,37
411,8
412,14
413,24
414,2
415,13
416,13
417,35
418,11
419,34
420,21
421,36
422,42
423,43
424,37
425,28
426,44
427,26
428,21
429,7
430,14
431,34
432,13
433,34
434,10
435,38
436,28
437,18
438,31
439,18
440,12
441,19
442,22
443,24
444,45
445,41
446,38
447,27
448,16
449,17
450,31
451,29
452,13
453,33
454,26
455,15
456,4
457,42
458,15
459,29
460,24
461,37
462,13
463,17
464,21
465,35
466,9
467,8
468,18
469,29
470,31
471,9
472,18
473,25
474,26
475,19
476,34
477,27
478,12
479,39
480,30
481,15
482,11
483,22
484,26
485,16
486,7
487,3
488,10
489,20
490,24
491,39
492,2
493,13
494,28
495,10
496,25
497,10
498,0
499,3
500,10
501,27
502,17
503,6
504,9
505,12
506,8
507,6
508,15
509,18
510,25
511,6
512,5
513,21
514,14
515,36
516,6
517,23
518,26
519,43
520,24
521,5
522,6
523,30
524,1
525,43
526,13
527,18
528,14
529,2
530,7
531,13
532,29
533,14
534,28
535,20
536,16
537,11
538,32
539,23
540,20
541,14
542,20
543,9
544,8
545,1
546,29
547,20
548,4
549,38
550,25
551,25
552,16
553,17
554,18
555,15
556,23
557,30
558,25
559,28
560,4
561,21
562,35
563,30
564,16
565,4
566,38
567,18
568,24
569,42
570,10
571,19
572,39
573,12
574,17
575,14
576,29
577,6
578,17
579,12
580,22
581,26
582,24
583,22
584,11
585,23
586,25
587,29
588,35
589,19
590,11
591,33
592,19
593,20
594,12
595,31
596,22
597,28
598,34
599,7
600,17
601,29
602,17
603,1
604,12
605,19
606,3
607,21
608,9
609,37
610,14
611,8
612,28
613,17
614,6
615,17
616,14
617,36
618,6
619,16
620,23
621,14
622,14
623,26
624,9
625,10
626,17
627,30
628,19
629,9
630,19
631,29
632,27
633,11
634,27
635,3
636,36
637,24
638,38
639,25
640,17
641,13
642,4
643,20
644,27
645,6
646,8
647,17
648,21
649,27
650,7
651,7
652,8
653,17
654,24
655,35
656,18
657,18
658,12
659,35
660,3
661,16
662,20
663,30
664,2
665,15
666,24
667,30
668,10
669,15
670,16
671,8
672,17
673,28
674,20
675,5
676,33
677,16
678,35
679,2
680,25
681,24
682,26
683,9
684,22
685,6
686,25
687,29
688,17
689,20
690,19
691,21
692,33
693,9
694,29
695,23
696,29
697,11
698,16
699,10
700,32
701,9
702,30
703,5
704,24
705,18
706,20
707,35
708,22
709,9
710,18
711,32
712,34
713,35
714,16
715,28
716,18
717,4
718,16
719,20
720,20
721,32
722,14
723,19
724,25
725,8
726,5
727,22
728,9
729,6
730,25
731,27
732,6
733,26
734,19
735,14
736,18
737,17
738,37
739,39
740,39
741,31
742,15
743,41
744,15
745,11
746,18
747,37
748,19
749,41
750,13
751,12
752,18
753,33
754,17
755,28
756,48
757,14
758,12
759,16
760,18
761,18
762,39
763,21
764,28
765,28
766,30
767,17
768,7
769,2
770,25
771,18
772,20
773,10
774,15
775,28
776,20
777,8
778,15
779,31
780,26
781,9
782,30
783,38
784,13
785,19
786,39
787,18
788,18
789,3
790,6
791,19
792,8
793,4
794,27
795,17
796,9
797,26
798,8
799,19
800,16
801,25
802,7
803,38
804,6
805,21
806,23
807,36
808,7
809,15
810,45
811,15
812,19
813,14
814,1
815,24
816,21
817,34
818,11
819,20
820,29
821,16
822,26
823,12
824,25
825,2
826,19
827,13
828,2
829,20
830,24
831,14
832,17
833,18
834,43
835,41
836,13
837,20
838,15
839,23
840,37
841,18
842,43
843,21
844,13
845,10
846,7
847,22
848,27
849,17
850,34
851,28
852,25
853,14
854,12
855,13
856,30
857,27
858,12
859,14
860,18
861,25
862,29
863,25
864,24
865,12
866,27
867,11
868,27
869,31
870,23
871,8
872,6
873,4
874,18
875,7
876,41
877,7
878,13
879,30
880,5
881,9
882,20
883,20
884,21
885,26
886,2
887,30
888,6
889,33
890,19
891,37
892,28
893,31
894,18
895,7
896,32
897,33
898,25
899,22
900,20
901,21
902,15
903,18
904,16
905,15
906,11
907,20
908,15
909,6
910,3
911,22
912,28
913,7
914,34
915,16
916,2
917,28
918,7
919,19
920,20
921,26
922,18
923,18
924,27
925,11
926,19
927,17
928,18
929,14
930,19
931,17
932,17
933,14
934,25
935,20
936,6
937,21
938,18
939,6
940,7
941,6
942,3
943,15
944,35
945,41
946,25
947,7
948,29
949,30
950,35
951,21
952,30
953,22
954,2
955,7
956,10
957,34
958,13
959,40
960,15
961,13
962,21
963,5
964,10
965,21
966,14
967,10
968,11
969,13
970,16
971,9
972,32
973,15
974,20
975,23
976,2
977,12
978,24
979,15
980,24
981,13
982,37
983,12
984,4
985,2
986,1
987,20
988,16
989,24
990,8
991,3
992,21
993,7
994,19
995,11
996,6
997,7
998,9
999,15
1000,23
1001,6
1002,18
1003,8
1004,41
1005,38
1006,16
1007,13
1008,11
1009,27
1010,10
1011,4
1012,23
1013,8
1014,5
1015,6
1016,6
1017,6
1018,2
1019,11
1020,26
1021,26
1022,13
1023,12
1024,17
1025,17
1026,29
1027,4
1028,11
1029,16
1030,12
1031,4
1032,28
1033,2
1034,6
1035,23
1036,28
1037,14
1038,5
1039,15
1040,5
1041,23
1042,11
1043,23
1044,41
1045,21
1046,25
1047,11
1048,14
1049,18
1050,3
1051,14
1052,19
1053,13
1054,6
1055,29
1056,18
1057,17
1058,7
1059,16
1060,1
1061,26
1062,31
1063,14
1064,6
1065,24
1066,24
1067,21
1068,7
1069,16
1070,6
1071,3
1072,32
1073,0
1074,12
1075,18
1076,14
1077,4
1078,7
1079,7
1080,16
1081,3
1082,4
1083,31
1084,24
1085,29
1086,1
1087,34
1088,15
1089,23
1090,23
1091,27
1092,27
1093,20
1094,9
1095,37
1096,8
1097,34
1098,20
1099,27
1100,7
1101,26
1102,39
1103,5
1104,19
1105,12
1106,5
1107,17
1108,20
1109,17
1110,15
1111,27
1112,6
1113,24
1114,8
1115,25
1116,22
1117,32
1118,26
1119,16
1120,9
1121,20
1122,13
1123,12
1124,33
1125,20
1126,9
1127,30
1128,4
1129,17
1130,17
1131,15
1132,28
1133,26
1134,28
1135,30
1136,8
1137,20
1138,5
1139,25
1140,15
1141,20
1142,7
1143,33
1144,10
1145,18
1146,14
1147,20
1148,29
1149,32
1150,7
1151,24
1152,11
1153,12
1154,19
1155,15
1156,8
1157,35
1158,12
1159,18
1160,31
1161,16
1162,16
1163,38
1164,32
1165,16
1166,34
1167,28
1168,26
1169,35
1170,6
1171,11
1172,27
1173,28
1174,12
1175,21
1176,9
1177,12
1178,23
1179,22
1180,36
1181,24
1182,28
1183,29
1184,6
1185,14
1186,16
1187,5
1188,20
1189,16
1190,13
1191,13
1192,15
1193,5
1194,2
1195,6
1196,8
1197,26
1198,11
1199,19
1200,17
1201,17
1202,3
1203,15
1204,28
1205,11
1206,4
1207,1
1208,27
1209,9
1210,17
1211,31
1212,27
1213,11
1214,12
1215,26
1216,16
1217,24
1218,4
1219,16
1220,25
1221,15
1222,32
1223,25
1224,33
1225,40
1226,4
1227,19
1228,12
1229,21
1230,32
1231,4
1232,31
1233,7
1234,22
1235,30
1236,31
1237,21
1238,22
1239,9
1240,11
1241,20
1242,15
1243,7
1244,26
1245,9
1246,25
1247,15
1248,39
1249,33
1250,23
1251,21
1252,28
1253,23
1254,28
1255,5
1256,11
1257,6
1258,24
1259,17
1260,3
1261,26
1262,7
1263,17
1264,23
1265,6
1266,11
1267,30
1268,34
1269,26
1270,11
1271,18
1272,13
1273,28
1274,30
1275,11
1276,19
1277,26
1278,30
1279,2
1280,9
1281,30
1282,21
1283,11
1284,28
1285,31
1286,26
1287,22
1288,10
1289,15
1290,28
1291,30
1292,40
1293,12
1294,13
1295,3
1296,8
1297,17
1298,27
1299,8
1300,7
1301,18
1302,38
1303,25
1304,4
1305,14
1306,19
1307,32
1308,14
1309,37
1310,7
1311,24
1312,1
1313,19
1314,35
1315,25
1316,5
1317,22
1318,25
1319,7
1320,10
1321,14
1322,28
1323,13
1324,15
1325,25
1326,36
1327,10
1328,31
1329,35
1330,4
1331,30
1332,23
1333,23
1334,40
1335,32
1336,6
1337,13
1338,39
1339,37
1340,11
1341,35
1342,10
1343,23
1344,21
1345,23
1346,8
1347,23
1348,28
1349,1
1350,22
1351,14
1352,24
1353,11
1354,35
1355,34
1356,7
1357,20
1358,19
1359,38
1360,7
1361,16
1362,8
1363,12
1364,2
1365,12
1366,27
1367,21
1368,21
1369,9
1370,5
1371,3
1372,10
1373,6
1374,25
1375,13
1376,22
1377,22
1378,28
1379,27
1380,30
1381,4
1382,11
1383,12
1384,13
1385,0
1386,28
1387,10
1388,11
1389,11
1390,28
1391,20
1392,7
1393,21
1394,5
1395,33
1396,5
1397,25
1398,18
1399,34
1400,5
1401,16
1402,17
1403,20
1404,8
1405,8
1406,17
1407,26
1408,13
1409,8
1410,19
1411,22
1412,17
1413,7
1414,5
1415,12
1416,4
1417,12
1418,26
1419,14
1420,43
1421,27
1422,16
1423,8
1424,21
1425,20
1426,15
1427,33
1428,1
1429,0
1430,27
1431,6
1432,5
1433,5
1434,3
1435,3
1436,8
1437,35
1438,11
1439,26
1440,23
1441,25
1442,17
1443,21
1444,30
1445,19
1446,8
1447,2
1448,17
1449,21
1450,15
1451,29
1452,23
1453,30
1454,19
1455,14
1456,23
1457,17
1458,7
1459,25
1460,5
1461,19
1462,5
1463,6
1464,30
1465,35
1466,25
1467,31
1468,37
1469,3
1470,10
1471,30
1472,32
1473,18
1474,19
1475,9
1476,32
1477,21
1478,15
1479,23
1480,11
1481,24
1482,19
1483,29
1484,18
1485,15
1486,11
1487,26
1488,19
1489,24
1490,12
1491,6
1492,27
1493,12
1494,16
1495,12
1496,12
1497,26
1498,21
1499,24
1500,18
1501,30
1502,21
1503,7
1504,50
1505,15
1506,12
1507,20
1508,16
1509,12
1510,26
1511,22
1512,44
1513,20
1514,15
1515,7
1516,25
1517,12
1518,26
1519,9
1520,6
1521,17
1522,8
1523,19
1524,25
1525,22
1526,24
1527,31
1528,29
1529,2
1530,7
1531,9
1532,9
1533,27
1534,26
1535,24
1536,11
1537,24
1538,5
1539,10
1540,30
1541,22
1542,21
1543,12
1544,11
1545,12
1546,12
1547,3
1548,7
1549,16
1550,6
1551,18
1552,6
1553,36
1554,9
1555,17
1556,18
1557,30
1558,29
1559,19
1560,40
1561,28
1562,9
1563,13
1564,27
1565,24
1566,27
1567,20
1568,9
1569,9
1570,34
1571,16
1572,8
1573,15
1574,32
1575,22
1576,20
1577,20
1578,2
1579,4
1580,11
1581,25
1582,24
1583,25
1584,17
1585,3
1586,26
1587,23
1588,4
1589,16
1590,10
1591,11
1592,21
1593,11
1594,12
1595,22
1596,7
1597,40
1598,32
1599,18
1600,33
1601,35
1602,9
1603,14
1604,21
1605,12
1606,17
1607,10
1608,14
1609,13
1610,27
1611,17
1612,4
1613,16
1614,34
1615,30
1616,7
1617,8
1618,26
1619,3
1620,17
1621,17
1622,16
1623,14
1624,8
1625,29
1626,27
1627,16
1628,0
1629,12
1630,28
1631,4
1632,27
1633,26
1634,22
1635,24
1636,27
1637,14
1638,18
1639,10
1640,20
1641,26
1642,0
1643,33
1644,33
1645,14
1646,7
1647,38
1648,28
1649,5
1650,23
1651,8
1652,30
1653,12
1654,12
1655,1
1656,22
1657,30
1658,18
1659,28
1660,10
1661,1
1662,31
1663,12
1664,25
1665,3
1666,32
1667,8
1668,7
1669,8
1670,8
1671,24
1672,13
1673,26
1674,15
1675,31
1676,22
1677,30
1678,5
1679,16
1680,25
1681,22
1682,4
1683,24
1684,26
1685,3
1686,6
1687,24
1688,18
1689,10
1690,1
1691,23
1692,14
1693,5
1694,13
1695,1
1696,18
1697,15
1698,14
1699,32
1700,23
1701,4
1702,9
1703,8
1704,25
1705,30
1706,10
1707,23
1708,9
1709,26
1710,7
1711,23
1712,35
1713,16
1714,23
1715,8
1716,4
1717,12
1718,16
1719,1
1720,11
1721,24
1722,30
1723,32
1724,13
1725,7
1726,2
1727,28
1728,36
1729,22
1730,21
1731,16
1732,8
1733,11
1734,21
1735,1
1736,14
1737,1
1738,19
1739,8
1740,9
1741,15
1742,5
1743,9
1744,26
1745,17
1746,24
1747,10
1748,16
1749,14
1750,16
1751,13
1752,19
1753,18
1754,24
1755,11
1756,35
1757,4
1758,10
1759,38
1760,12
1761,22
1762,9
1763,12
1764,34
1765,27
1766,14
1767,5
1768,19
1769,13
1770,20
1771,16
1772,40
1773,15
1774,10
1775,1
1776,28
1777,22
1778,19
1779,5
1780,9
1781,4
1782,4
1783,20
1784,23
1785,11
1786,12
1787,18
1788,9
1789,32
1790,17
1791,20
1792,13
1793,19
1794,18
1795,9
1796,14
1797,9
1798,11
1799,13
1800,3
1801,25
1802,7
1803,2
1804,21
1805,28
1806,3
1807,22
1808,21
1809,18
1810,11
1811,8
1812,12
1813,11
1814,15
1815,6
1816,25
1817,25
1818,6
1819,9
1820,19
1821,13
1822,8
1823,14
1824,8
1825,4
1826,4
1827,12
1828,4
1829,15
1830,26
1831,29
1832,24
1833,15
1834,11
1835,11
1836,15
1837,5
1838,10
1839,7
1840,7
1841,13
1842,28
1843,17
1844,28
1845,20
1846,2
1847,14
1848,15
1849,18
1850,7
1851,7
1852,2
1853,7
1854,16
1855,6
1856,29
1857,6
1858,29
1859,19
1860,24
1861,31
1862,10
1863,12
1864,17
1865,16
1866,34
1867,14
1868,16
1869,22
1870,18
1871,9
1872,23
1873,12
1874,13
1875,25
1876,11
1877,20
1878,17
1879,6
1880,6
1881,32
1882,26
1883,5
1884,18
1885,8
1886,7
1887,16
1888,17
1889,21
1890,4
1891,9
1892,6
1893,5
1894,0
1895,7
1896,13
1897,24
1898,16
1899,5
1900,4
1901,29
1902,9
1903,14
1904,24
1905,17
1906,4
1907,2
1908,22
1909,9
1910,14
1911,11
1912,16
1913,28
1914,5
1915,15
1916,10
1917,19
1918,11
1919,29
1920,9
1921,7
1922,7
1923,10
1924,15
1925,10
1926,8
1927,16
1928,3
1929,21
1930,10
1931,4
1932,6
1933,7
1934,8
1935,12
1936,5
1937,13
1938,21
1939,35
1940,1
1941,16
1942,5
1943,4
1944,26
1945,21
1946,14
1947,14
1948,15
1949,13
1950,1
1951,2
1952,0
1953,11
1954,5
1955,5
1956,10
1957,23
1958,6
1959,15
1960,6
1961,9
1962,11
1963,27
1964,0
1965,26
1966,14
1967,13
1968,10
1969,25
1970,16
1971,25
1972,25
1973,16
1974,17
1975,21
1976,7
1977,8
1978,22
1979,5
1980,6
1981,8
1982,10
1983,2
1984,15
1985,11
1986,19
1987,11
1988,7
1989,9
1990,8
1991,17
1992,8
1993,11
1994,15
1995,11
1996,20
1997,27
1998,10
1999,15
2000,9
2001,18
2002,17
2003,16
2004,21
2005,9
2006,7
2007,8
2008,9
2009,6
2010,28
2011,2
2012,6
2013,13
2014,22
2015,18
2016,6
2017,15
2018,11
2019,12
2020,4
2021,13
2022,15
2023,19
2024,4
2025,21
2026,12
2027,22
2028,21
2029,7
2030,19
2031,18
2032,16
2033,15
2034,7
2035,13
2036,11
2037,5
2038,23
2039,11
2040,22
2041,18
2042,19
2043,20
2044,11
2045,22
2046,7
2047,18
2048,10
2049,4
2050,6
2051,14
2052,5
2053,25
2054,18
2055,7
2056,9
2057,30
2058,5
2059,11
2060,22
2061,7
2062,14
2063,12
2064,22
2065,20
2066,8
2067,6
2068,6
2069,13
2070,8
2071,22
2072,7
2073,11
2074,8
2075,10
2076,24
2077,9
2078,17
2079,14
2080,36
2081,4
2082,18
2083,17
2084,21
2085,27
2086,12
2087,9
2088,34
2089,10
2090,18
2091,0
2092,10
2093,15
2094,17
2095,13
2096,21
2097,14
2098,4
2099,17
2100,5
2101,7
2102,8
2103,24
2104,28
2105,17
2106,16
2107,11
2108,19
2109,24
2110,5
2111,19
2112,16
2113,23
2114,19
2115,7
2116,11
2117,15
2118,21
2119,10
2120,28
2121,21
2122,13
2123,17
2124,18
2125,24
2126,30
2127,30
2128,19
2129,30
2130,25
2131,17
2132,18
2133,28
2134,16
2135,9
2136,22
2137,19
2138,18
2139,20
2140,23
2141,9
2142,29
2143,10
2144,15
2145,6
2146,13
2147,34
2148,19
2149,20
2150,0
2151,14
2152,16
2153,15
2154,11
2155,18
2156,9
2157,18
2158,30
2159,14
2160,2
2161,31
2162,29
2163,12
2164,17
2165,1
2166,20
2167,5
2168,11
2169,16
2170,12
2171,20
2172,13
2173,35
2174,10
2175,6
2176,13
2177,19
2178,28
2179,16
2180,11
2181,15
2182,4
2183,18
2184,22
2185,7
2186,18
2187,0
2188,19
2189,30
2190,24
2191,10
2192,3
2193,7
2194,35
2195,5
2196,10
2197,33
2198,18
2199,6
2200,12
2201,9
2202,8
2203,10
2204,7
2205,20
2206,2
2207,12
2208,17
2209,12
2210,33
2211,28
2212,21
2213,11
2214,12
2215,25
2216,13
2217,24
2218,21
2219,2
2220,20
2221,9
2222,43
2223,3
2224,16
2225,22
2226,26
2227,17
2228,19
2229,22
2230,18
2231,25
2232,16
2233,27
2234,8
2235,11
2236,11
2237,6
2238,13
2239,17
2240,8
2241,20
2242,3
2243,20
2244,26
2245,25
2246,31
2247,13
2248,27
2249,22
2250,11
2251,12
2252,18
2253,13
2254,32
2255,14
2256,7
2257,16
2258,11
2259,1
2260,37
2261,13
2262,7
2263,7
2264,11
2265,11
2266,11
2267,4
2268,25
2269,20
2270,41
2271,22
2272,5
2273,38
2274,18
2275,8
2276,24
2277,1
2278,1
2279,17
2280,12
2281,8
2282,7
2283,27
2284,10
2285,1
2286,36
2287,2
2288,12
2289,14
2290,36
2291,21
2292,18
2293,2
2294,36
2295,7
2296,2
2297,10
2298,24
2299,7
2300,27
2301,23
2302,18
2303,23
2304,24
2305,21
2306,32
2307,17
2308,19
2309,10
2310,16
2311,7
2312,15
2313,1
2314,38
2315,14
2316,5
2317,0
2318,12
2319,4
2320,11
2321,12
2322,5
2323,10
2324,21
2325,5
2326,1
2327,13
2328,5
2329,19
2330,8
2331,2
2332,22
2333,3
2334,16
2335,12
2336,13
2337,9
2338,25
2339,20
2340,8
2341,12
2342,11
2343,40
2344,30
2345,13
2346,10
2347,33
2348,32
2349,23
2350,18
2351,4
2352,17
2353,14
2354,34
2355,33
2356,10
2357,25
2358,23
2359,10
2360,9
2361,6
2362,20
2363,19
2364,11
2365,34
2366,17
2367,18
2368,5
2369,23
2370,13
2371,17
2372,6
2373,33
2374,10
2375,27
2376,18
2377,18
2378,11
2379,9
2380,27
2381,29
2382,35
2383,28
2384,19
2385,23
2386,2
2387,26
2388,30
2389,24
2390,4
2391,34
2392,9
2393,15
2394,26
2395,8
2396,24
2397,10
2398,11
2399,40
2400,19
2401,4
2402,10
2403,16
2404,30
2405,0
2406,31
2407,38
2408,11
2409,3
2410,24
2411,20
2412,3
2413,9
2414,6
2415,40
2416,13
2417,16
2418,14
2419,15
2420,12
2421,6
2422,21
2423,4
2424,17
2425,18
2426,4
2427,14
2428,22
2429,9
2430,18
2431,7
2432,5
2433,21
2434,9
2435,21
2436,7
2437,15
2438,20
2439,9
2440,19
2441,37
2442,5
2443,17
2444,10
2445,9
2446,6
2447,18
2448,44
2449,19
2450,32
2451,15
2452,2
2453,22
2454,0
2455,29
2456,5
2457,1
2458,16
2459,15
2460,23
2461,23
2462,9
2463,10
2464,9
2465,0
2466,19
2467,35
2468,14
2469,11
2470,13
2471,13
2472,17
2473,6
2474,18
2475,30
2476,22
2477,11
2478,4
2479,6
2480,16
2481,16
2482,18
2483,24
2484,6
2485,9
2486,19
2487,32
2488,19
2489,7
2490,5
2491,1
2492,15
2493,2
2494,9
2495,16
2496,25
2497,12
2498,20
2499,15
2500,9
2501,24
2502,21
2503,11
2504,29
2505,12
2506,28
2507,10
2508,19
2509,27
2510,1
2511,45
2512,26
2513,19
2514,8
2515,8
2516,8
2517,11
2518,4
2519,7
2520,25
2521,22
2522,5
2523,14
2524,2
2525,18
2526,25
2527,33
2528,17
2529,17
2530,19
2531,17
2532,16
2533,13
2534,4
2535,21
2536,17
2537,18
2538,12
2539,26
2540,5
2541,13
2542,9
2543,1
2544,35
2545,18
2546,8
2547,8
2548,2
2549,27
2550,7
2551,2
2552,6
2553,23
2554,26
2555,42
2556,14
2557,34
2558,13
2559,10
2560,27
2561,15
2562,17
2563,7
2564,23
2565,11
2566,12
2567,16
2568,12
2569,6
2570,39
2571,13
2572,18
2573,25
2574,28
2575,4
2576,5
2577,28
2578,17
2579,7
2580,13
2581,10
2582,20
2583,9
2584,19
2585,0
2586,24
2587,13
2588,16
2589,9
2590,25
2591,18
2592,7
2593,10
2594,5
2595,2
2596,9
2597,10
2598,5
2599,12
2600,12
2601,5
2602,23
2603,12
2604,9
2605,4
2606,7
2607,19
2608,2
2609,5
2610,0
2611,6
2612,5
2613,27
2614,2
2615,13
2616,31
2617,26
2618,23
2619,13
2620,11
2621,17
2622,21
2623,24
2624,17
2625,2
2626,1
2627,7
2628,2
2629,17
2630,35
2631,7
2632,15
2633,33
2634,7
2635,24
2636,22
2637,11
2638,24
2639,19
2640,3
2641,15
2642,19
2643,20
2644,36
2645,14
2646,16
2647,28
2648,35
2649,28
2650,21
2651,7
2652,8
2653,22
2654,17
2655,9
2656,17
2657,16
2658,4
2659,15
2660,13
2661,8
2662,3
2663,16
2664,14
2665,28
2666,0
2667,8
2668,5
2669,18
2670,5
2671,15
2672,11
2673,21
2674,10
2675,14
2676,4
2677,29
2678,15
2679,5
2680,16
2681,18
2682,9
2683,16
2684,2
2685,9
2686,8
2687,12
2688,3
2689,9
2690,12
2691,4
2692,2
2693,1
2694,22
2695,18
2696,21
2697,16
2698,23
2699,19
2700,21
2701,8
2702,1
2703,14
2704,19
2705,20
2706,20
2707,5
2708,3
2709,14
2710,39
2711,25
2712,18
2713,28
2714,15
2715,13
2716,2
2717,9
2718,23
2719,26
2720,8
2721,8
2722,11
2723,24
2724,20
2725,16
2726,5
2727,12
2728,10
2729,40
2730,5
2731,24
2732,5
2733,10
2734,22
2735,5
2736,4
2737,10
2738,15
2739,42
2740,28
2741,28
2742,10
2743,34
2744,17
2745,21
2746,18
2747,5
2748,12
2749,13
2750,19
2751,32
2752,3
2753,7
2754,9
2755,22
2756,5
2757,10
2758,18
2759,4
2760,6
2761,13
2762,20
2763,27
2764,14
2765,22
2766,11
2767,13
2768,8
2769,2
2770,16
2771,37
2772,9
2773,15
2774,21
2775,36
2776,21
2777,10
2778,19
2779,19
2780,26
2781,24
2782,6
2783,24
2784,10
2785,20
2786,26
2787,25
2788,2
2789,16
2790,11
2791,16
2792,11
2793,19
2794,21
2795,12
2796,17
2797,29
2798,13
2799,24
2800,10
2801,2
2802,13
2803,13
2804,18
2805,10
2806,14
2807,22
2808,2
2809,4
2810,38
2811,17
2812,25
2813,18
2814,20
2815,22
2816,4
2817,22
2818,13
2819,38
2820,18
2821,12
2822,17
2823,13
2824,21
2825,6
2826,31
2827,41
2828,21
2829,11
2830,28
2831,12
2832,35
2833,14
2834,5
2835,4
2836,10
2837,28
2838,42
2839,24
2840,25
2841,5
2842,8
2843,16
2844,21
2845,5
2846,25
2847,14
2848,6
2849,21
2850,21
2851,17
2852,8
2853,29
2854,14
2855,20
2856,22
2857,8
2858,10
2859,34
2860,0
2861,8
2862,38
2863,7
2864,30
2865,2
2866,28
2867,36
2868,26
2869,14
2870,24
2871,12
2872,11
2873,15
2874,17
2875,14
2876,2
2877,3
2878,7
2879,12
2880,15
2881,27
2882,12
2883,28
2884,17
2885,1
2886,15
2887,8
2888,13
2889,18
2890,39
2891,11
2892,27
2893,14
2894,20
2895,30
2896,24
2897,18
2898,38
2899,0
2900,13
2901,1
2902,19
2903,5
2904,19
2905,9
2906,37
2907,17
2908,18
2909,26
2910,33
2911,32
2912,10
2913,3
2914,18
2915,24
2916,17
2917,15
2918,22
2919,19
2920,14
2921,15
2922,1
2923,17
2924,23
2925,22
2926,9
2927,9
2928,33
2929,18
2930,17
2931,15
2932,25
2933,20
2934,18
2935,26
2936,24
2937,38
2938,31
2939,22
2940,28
2941,32
2942,8
2943,12
2944,6
2945,13
2946,9
2947,21
2948,18
2949,2
2950,15
2951,18
2952,15
2953,34
2954,10
2955,23
2956,20
2957,22
2958,18
2959,7
2960,4
2961,21
2962,14
2963,33
2964,18
2965,9
2966,11
2967,5
2968,22
2969,12
2970,31
2971,36
2972,21
2973,20
2974,10
2975,30
2976,11
2977,4
2978,8
2979,11
2980,2
2981,12
2982,12
2983,13
2984,8
2985,2
2986,23
2987,15
2988,18
2989,35
2990,25
2991,0
2992,10
2993,0
2994,9
2995,23
2996,7
2997,12
2998,15
2999,11
3000,2
