Episode,TotalReward
1,12.800000000000024
2,10.600000000000014
3,12.700000000000014
4,14.400000000000023
5,11.900000000000032
6,12.200000000000024
7,12.400000000000022
8,10.500000000000023
9,10.900000000000018
10,12.500000000000021
11,11.30000000000002
12,16.700000000000017
13,15.60000000000002
14,13.30000000000002
15,16.100000000000023
16,14.900000000000023
17,17.700000000000006
18,17.70000000000001
19,20.499999999999975
20,14.300000000000018
21,15.500000000000018
22,16.700000000000003
23,18.3
24,18.10000000000001
25,16.90000000000001
26,21.299999999999994
27,21.0
28,13.100000000000016
29,17.8
30,14.100000000000016
31,19.799999999999994
32,19.799999999999997
33,19.69999999999998
34,20.999999999999993
35,17.100000000000005
36,19.999999999999986
37,18.699999999999996
38,18.00000000000001
39,20.699999999999992
40,19.69999999999999
41,19.1
42,17.799999999999997
43,17.9
44,18.700000000000003
45,21.299999999999994
46,18.799999999999997
47,22.699999999999992
48,21.499999999999993
49,22.49999999999998
50,19.799999999999997
51,19.000000000000007
52,21.099999999999998
53,21.09999999999999
54,18.899999999999995
55,22.099999999999994
56,20.399999999999995
57,18.9
58,23.099999999999984
59,21.099999999999994
60,22.199999999999996
61,19.59999999999999
62,20.39999999999999
63,23.9
64,18.499999999999993
65,18.0
66,17.7
67,24.4
68,21.699999999999996
69,23.69999999999998
70,23.59999999999999
71,21.69999999999999
72,19.100000000000005
73,25.299999999999983
74,24.399999999999984
75,24.699999999999992
76,22.999999999999986
77,21.39999999999999
78,26.999999999999993
79,17.9
80,20.499999999999993
81,21.1
82,22.000000000000007
83,23.799999999999986
84,23.79999999999999
85,20.2
86,22.69999999999999
87,24.199999999999996
88,24.199999999999996
89,22.799999999999994
90,20.79999999999999
91,27.999999999999993
92,22.599999999999994
93,22.299999999999997
94,24.699999999999992
95,26.79999999999999
96,25.79999999999999
97,21.899999999999995
98,22.099999999999994
99,23.199999999999996
100,24.299999999999997
101,23.299999999999997
102,21.8
103,22.799999999999997
104,23.199999999999996
105,25.29999999999999
106,24.399999999999995
107,24.999999999999996
108,22.9
109,26.29999999999999
110,23.6
111,24.4
112,23.39999999999999
113,23.199999999999996
114,23.099999999999994
115,23.9
116,24.599999999999998
117,26.999999999999993
118,23.39999999999999
119,26.19999999999999
120,26.799999999999997
121,22.999999999999996
122,20.499999999999993
123,24.099999999999994
124,23.900000000000002
125,25.699999999999996
126,26.7
127,26.199999999999992
128,19.099999999999998
129,23.09999999999999
130,27.699999999999992
131,25.59999999999999
132,21.29999999999999
133,25.699999999999996
134,24.599999999999994
135,24.899999999999995
136,23.799999999999997
137,22.900000000000002
138,25.599999999999994
139,23.399999999999988
140,23.599999999999998
141,22.9
142,25.9
143,19.4
144,22.4
145,25.199999999999996
146,25.999999999999986
147,24.6
148,24.699999999999996
149,20.4
150,24.099999999999994
151,27.1
152,25.299999999999997
153,24.799999999999997
154,27.5
155,25.799999999999994
156,27.99999999999999
157,25.699999999999992
158,25.599999999999998
159,22.799999999999997
160,24.599999999999994
161,24.199999999999996
162,22.49999999999999
163,25.2
164,22.6
165,24.799999999999997
166,23.899999999999995
167,23.799999999999994
168,23.199999999999996
169,25.19999999999998
170,21.69999999999996
171,22.099999999999994
172,21.9
173,25.999999999999993
174,25.4
175,25.299999999999997
176,22.79999999999999
177,26.5
178,26.4
179,26.599999999999994
180,27.499999999999996
181,25.5
182,26.899999999999995
183,22.3
184,26.599999999999994
185,27.299999999999997
186,23.199999999999996
187,23.89999999999999
188,21.999999999999993
189,26.499999999999996
190,24.6
191,28.299999999999997
192,24.2
193,21.599999999999994
194,28.199999999999992
195,26.299999999999997
196,25.299999999999997
197,25.4
198,30.999999999999993
199,25.89999999999999
200,27.699999999999996
201,11.200000000000028
202,23.699999999999992
203,27.599999999999987
204,26.699999999999996
205,27.099999999999994
206,23.599999999999994
207,24.5
208,26.9
209,24.599999999999998
210,25.499999999999993
211,27.3
212,25.199999999999996
213,26.100000000000005
214,17.399999999999963
215,22.399999999999995
216,26.299999999999997
217,24.199999999999996
218,25.999999999999993
219,26.199999999999996
220,24.499999999999996
221,23.799999999999994
222,24.399999999999995
223,25.299999999999997
224,22.099999999999994
225,24.999999999999996
226,25.300000000000004
227,30.699999999999996
228,25.299999999999997
229,24.099999999999994
230,23.5
231,24.199999999999992
232,24.499999999999996
233,25.099999999999994
234,25.499999999999996
235,26.200000000000003
236,24.4
237,25.699999999999996
238,26.299999999999997
239,23.5
240,25.5
241,26.300000000000004
242,27.099999999999998
243,23.9
244,30.099999999999994
245,22.9
246,22.6
247,24.499999999999996
248,27.39999999999999
249,23.89999999999999
250,23.899999999999995
251,24.099999999999994
252,24.5
253,23.199999999999996
254,29.099999999999994
255,25.299999999999997
256,23.199999999999996
257,25.4
258,24.3
259,25.79999999999999
260,23.6
261,23.4
262,24.999999999999993
263,28.09999999999999
264,22.1
265,23.2
266,23.299999999999997
267,27.099999999999994
268,23.39999999999999
269,28.299999999999997
270,21.699999999999996
271,24.59999999999999
272,24.1
273,26.799999999999997
274,22.89999999999999
275,23.699999999999992
276,24.999999999999993
277,27.5
278,27.0
279,26.799999999999997
280,28.4
281,21.19999999999998
282,27.5
283,25.199999999999996
284,25.099999999999994
285,22.700000000000003
286,23.999999999999993
287,22.4
288,26.099999999999998
289,26.099999999999994
290,28.4
291,19.599999999999998
292,3.1
293,23.299999999999983
294,16.4
295,25.199999999999996
296,24.199999999999996
297,25.300000000000004
298,26.4
299,26.1
300,24.299999999999997
301,24.4
302,26.199999999999996
303,27.8
304,24.5
305,26.199999999999996
306,18.30000000000001
307,21.4
308,21.7
309,27.5
310,27.099999999999994
311,25.199999999999996
312,23.6
313,26.4
314,21.299999999999997
315,25.2
316,26.4
317,25.3
318,23.999999999999996
319,23.999999999999993
320,24.199999999999996
321,25.099999999999994
322,23.299999999999997
323,21.6
324,26.799999999999997
325,27.4
326,25.199999999999996
327,21.299999999999997
328,27.699999999999992
329,25.199999999999996
330,22.9
331,27.4
332,28.09999999999999
333,19.799999999999947
334,25.299999999999997
335,25.200000000000003
336,27.099999999999994
337,24.0
338,23.5
339,25.39999999999999
340,26.999999999999993
341,23.89999999999999
342,26.4
343,25.599999999999998
344,23.5
345,27.599999999999994
346,24.89999999999999
347,27.2
348,22.999999999999993
349,28.599999999999998
350,25.099999999999994
351,26.599999999999998
352,22.5
353,22.899999999999988
354,19.900000000000006
355,23.999999999999996
356,27.399999999999988
357,23.199999999999967
358,26.199999999999996
359,24.299999999999983
360,23.599999999999994
361,26.69999999999999
362,28.699999999999996
363,26.400000000000006
364,27.199999999999996
365,23.5
366,23.899999999999995
367,25.0
368,26.099999999999998
369,21.9
370,23.3
371,25.3
372,26.199999999999996
373,22.9
374,26.0
375,25.0
376,24.499999999999996
377,25.299999999999997
378,20.999999999999964
379,26.099999999999994
380,20.499999999999975
381,23.5
382,25.89999999999999
383,24.199999999999996
384,22.799999999999997
385,26.59999999999999
386,25.5
387,24.4
388,23.999999999999996
389,23.299999999999997
390,23.0
391,24.299999999999997
392,23.89999999999999
393,23.099999999999987
394,23.39999999999999
395,24.9
396,22.799999999999997
397,25.200000000000003
398,24.299999999999997
399,27.199999999999996
400,20.199999999999953
401,25.399999999999995
402,22.9
403,24.6
404,23.900000000000002
405,23.4
406,23.999999999999993
407,20.79999999999999
408,28.599999999999998
409,23.6
410,21.599999999999998
411,24.8
412,24.299999999999997
413,22.7
414,26.299999999999994
415,24.299999999999994
416,23.79999999999999
417,23.799999999999997
418,23.799999999999997
419,25.1
420,23.9
421,28.099999999999994
422,25.899999999999995
423,25.200000000000003
424,21.499999999999993
425,26.499999999999996
426,29.1
427,21.200000000000003
428,28.999999999999993
429,17.8
430,26.099999999999998
431,27.2
432,25.5
433,23.9
434,27.5
435,22.89999999999999
436,27.3
437,24.5
438,25.0
439,25.199999999999996
440,26.5
441,23.9
442,24.999999999999993
443,23.9
444,23.699999999999996
445,26.59999999999999
446,22.4
447,24.0
448,21.499999999999996
449,22.4
450,23.499999999999996
451,24.699999999999996
452,27.0
453,28.199999999999996
454,24.999999999999993
455,19.700000000000006
456,25.4
457,23.099999999999994
458,24.999999999999993
459,25.899999999999995
460,23.8
461,25.4
462,27.499999999999996
463,27.69999999999999
464,24.199999999999996
465,26.299999999999997
466,27.099999999999994
467,23.899999999999995
468,27.89999999999999
469,27.0
470,22.5
471,24.9
472,23.799999999999994
473,24.39999999999999
474,25.4
475,24.099999999999994
476,28.899999999999995
477,20.10000000000001
478,22.399999999999995
479,24.200000000000003
480,22.999999999999996
481,24.69999999999999
482,22.499999999999993
483,26.699999999999992
484,14.100000000000021
485,25.700000000000003
486,24.099999999999994
487,23.89999999999999
488,25.299999999999997
489,26.599999999999998
490,25.5
491,23.699999999999996
492,25.1
493,24.999999999999993
494,28.200000000000003
495,27.9
496,26.099999999999994
497,21.099999999999998
498,24.299999999999997
499,22.5
500,23.499999999999986
501,22.099999999999987
502,26.9
503,25.999999999999986
504,24.799999999999994
505,23.299999999999997
506,24.299999999999997
507,27.2
508,24.799999999999997
509,22.499999999999996
510,22.89999999999999
511,23.8
512,26.799999999999997
513,27.39999999999999
514,25.69999999999999
515,23.699999999999996
516,22.79999999999999
517,27.499999999999986
518,27.0
519,24.0
520,18.200000000000003
521,24.699999999999996
522,26.199999999999996
523,21.699999999999964
524,23.300000000000004
525,11.7
526,22.999999999999982
527,22.999999999999986
528,25.69999999999999
529,20.200000000000003
530,21.799999999999997
531,24.299999999999997
532,23.799999999999997
533,22.7
534,28.199999999999996
535,19.29999999999997
536,13.000000000000012
537,13.4
538,24.699999999999992
539,26.399999999999995
540,23.4
541,26.4
542,22.1
543,25.299999999999997
544,25.599999999999994
545,22.799999999999997
546,22.6
547,25.199999999999996
548,22.599999999999994
549,26.899999999999995
550,22.999999999999993
551,27.199999999999996
552,24.300000000000004
553,23.999999999999996
554,9.800000000000011
555,23.300000000000004
556,24.39999999999999
557,23.9
558,23.6
559,26.399999999999988
560,27.39999999999999
561,22.699999999999996
562,24.099999999999994
563,25.400000000000002
564,23.9
565,25.899999999999977
566,24.599999999999994
567,22.5
568,19.200000000000003
569,22.4
570,22.799999999999997
571,25.6
572,20.299999999999997
573,23.299999999999997
574,23.29999999999999
575,21.699999999999992
576,25.39999999999999
577,25.0
578,24.200000000000003
579,23.799999999999997
580,8.800000000000004
581,27.2
582,24.799999999999994
583,23.299999999999997
584,23.1
585,26.59999999999999
586,23.8
587,23.29999999999999
588,24.9
589,20.4
590,22.699999999999992
591,20.2
592,23.999999999999993
593,24.200000000000003
594,22.199999999999996
595,21.699999999999996
596,21.699999999999996
597,24.599999999999994
598,21.299999999999997
599,28.199999999999996
600,22.1
601,25.799999999999997
602,26.199999999999996
603,19.0
604,22.200000000000003
605,25.099999999999998
606,28.299999999999994
607,22.6
608,25.200000000000003
609,24.39999999999997
610,24.799999999999997
611,20.599999999999994
612,21.699999999999996
613,24.299999999999997
614,26.4
615,24.19999999999999
616,27.099999999999994
617,22.2
618,23.6
619,21.699999999999996
620,23.299999999999997
621,20.9
622,23.500000000000007
623,12.600000000000009
624,25.499999999999993
625,25.59999999999999
626,25.099999999999998
627,23.799999999999997
628,25.099999999999994
629,26.499999999999993
630,19.999999999999993
631,21.999999999999993
632,28.29999999999999
633,25.299999999999997
634,24.599999999999998
635,13.800000000000018
636,22.899999999999995
637,28.499999999999986
638,24.39999999999999
639,22.39999999999999
640,18.200000000000006
641,23.0
642,25.5
643,23.599999999999994
644,23.7
645,23.9
646,22.499999999999993
647,23.099999999999994
648,23.599999999999998
649,23.199999999999996
650,23.0
651,23.9
652,23.79999999999999
653,11.000000000000005
654,24.29999999999999
655,22.39999999999996
656,19.799999999999947
657,11.500000000000007
658,23.799999999999994
659,21.800000000000004
660,19.1
661,25.499999999999993
662,27.99999999999998
663,23.299999999999994
664,22.499999999999993
665,20.8
666,26.9
667,21.4
668,25.69999999999999
669,26.8
670,22.99999999999998
671,16.800000000000015
672,21.099999999999998
673,21.30000000000001
674,24.0
675,21.199999999999992
676,26.099999999999994
677,23.899999999999984
678,15.699999999999996
679,21.099999999999994
680,21.9
681,22.499999999999964
682,23.5
683,25.099999999999984
684,22.099999999999998
685,20.800000000000008
686,23.3
687,27.699999999999996
688,25.29999999999999
689,23.199999999999996
690,21.000000000000004
691,20.599999999999994
692,23.199999999999996
693,21.999999999999996
694,19.4
695,20.79999999999999
696,11.900000000000004
697,25.0
698,8.00000000000003
699,25.099999999999994
700,24.7
701,22.999999999999993
702,14.400000000000007
703,24.299999999999994
704,13.099999999999987
705,23.5
706,17.500000000000007
707,27.299999999999994
708,14.500000000000012
709,25.49999999999998
710,19.1
711,23.699999999999992
712,11.8
713,22.199999999999996
714,11.800000000000024
715,18.299999999999994
716,12.600000000000009
717,23.599999999999994
718,24.09999999999999
719,1.3000000000000127
720,21.799999999999983
721,23.999999999999993
722,23.399999999999988
723,25.9
724,20.899999999999988
725,22.89999999999999
726,14.700000000000005
727,17.100000000000016
728,8.800000000000018
729,14.2
730,19.09999999999998
731,22.999999999999986
732,23.29999999999999
733,25.19999999999999
734,4.000000000000027
735,19.100000000000012
736,26.099999999999994
737,2.0000000000000258
738,22.600000000000005
739,10.900000000000022
740,21.0
741,21.89999999999999
742,25.2
743,11.000000000000021
744,24.399999999999977
745,20.799999999999994
746,22.1
747,22.4
748,7.400000000000016
749,23.29999999999999
750,25.299999999999983
751,23.29999999999999
752,23.099999999999994
753,24.199999999999996
754,17.099999999999987
755,13.400000000000018
756,19.399999999999977
757,25.599999999999998
758,22.29999999999998
759,7.000000000000023
760,27.099999999999994
761,24.89999999999999
762,13.999999999999998
763,26.19999999999999
764,23.599999999999994
765,22.399999999999963
766,13.4
767,22.799999999999986
768,22.9
769,22.3
770,23.9
771,20.0
772,25.99999999999999
773,23.399999999999963
774,10.900000000000023
775,24.89999999999999
776,8.90000000000003
777,20.599999999999987
778,14.900000000000011
779,21.0
780,23.19999999999999
781,19.50000000000001
782,15.399999999999926
783,15.400000000000016
784,23.699999999999996
785,23.599999999999987
786,22.9
787,22.499999999999993
788,24.499999999999993
789,25.699999999999996
790,23.39999999999999
791,11.500000000000007
792,22.9
793,21.299999999999986
794,21.299999999999976
795,20.399999999999963
796,22.4
797,-6.999999999999966
798,23.999999999999996
799,20.0
800,25.699999999999996
801,18.20000000000001
802,6.500000000000029
803,11.000000000000028
804,19.20000000000001
805,-0.9999999999999853
806,18.100000000000016
807,25.09999999999999
808,18.500000000000007
809,-7.2999999999999785
810,16.599999999999998
811,19.6
812,20.599999999999994
813,19.900000000000002
814,27.49999999999998
815,14.20000000000001
816,23.799999999999997
817,-2.199999999999985
818,20.300000000000004
819,17.80000000000001
820,20.899999999999995
821,25.499999999999986
822,21.1
823,20.399999999999988
824,17.60000000000001
825,21.099999999999973
826,23.299999999999994
827,10.500000000000004
828,13.400000000000022
829,19.899999999999995
830,3.200000000000011
831,23.599999999999994
832,19.7
833,19.499999999999993
834,9.200000000000026
835,15.800000000000018
836,21.099999999999994
837,21.999999999999982
838,23.29999999999999
839,22.799999999999997
840,19.700000000000003
841,25.9
842,20.9
843,24.69999999999999
844,12.000000000000021
845,7.699999999999997
846,14.0
847,8.10000000000001
848,8.100000000000023
849,20.700000000000003
850,24.5
851,7.100000000000005
852,21.799999999999997
853,23.100000000000005
854,19.900000000000002
855,11.900000000000015
856,24.199999999999992
857,16.400000000000002
858,11.100000000000026
859,24.099999999999994
860,18.400000000000006
861,22.6
862,21.200000000000003
863,20.0
864,17.200000000000017
865,22.400000000000006
866,20.89999999999999
867,17.300000000000004
868,21.09999999999999
869,9.500000000000027
870,14.100000000000014
871,26.999999999999986
872,11.200000000000017
873,20.499999999999993
874,18.80000000000001
875,12.400000000000027
876,17.600000000000016
877,10.700000000000028
878,18.500000000000007
879,-2.2999999999999927
880,20.699999999999992
881,13.40000000000001
882,22.099999999999994
883,26.19999999999999
884,17.600000000000016
885,19.30000000000001
886,15.100000000000023
887,22.599999999999994
888,23.799999999999997
889,18.800000000000008
890,23.299999999999986
891,23.199999999999992
892,20.4
893,18.999999999999986
894,21.2
895,11.500000000000005
896,16.100000000000016
897,17.100000000000016
898,24.199999999999996
899,18.299999999999997
900,28.199999999999985
901,14.90000000000001
902,20.70000000000001
903,20.8
904,22.400000000000002
905,21.099999999999998
906,19.700000000000006
907,23.49999999999998
908,20.099999999999994
909,6.200000000000037
910,20.800000000000008
911,14.200000000000022
912,9.000000000000032
913,23.19999999999999
914,11.500000000000025
915,22.499999999999964
916,10.000000000000009
917,10.100000000000014
918,21.599999999999994
919,22.099999999999994
920,10.400000000000029
921,18.500000000000007
922,13.3
923,22.199999999999985
924,24.999999999999993
925,23.0
926,20.599999999999973
927,17.599999999999994
928,19.599999999999994
929,15.300000000000004
930,21.39999999999999
931,23.499999999999993
932,23.2
933,20.69999999999997
934,14.600000000000005
935,24.29999999999999
936,20.4
937,20.799999999999997
938,16.500000000000004
939,19.900000000000006
940,9.100000000000017
941,23.39999999999998
942,18.200000000000006
943,16.80000000000002
944,22.09999999999998
945,21.69999999999999
946,20.29999999999999
947,23.0
948,25.19999999999999
949,13.200000000000017
950,7.800000000000015
951,22.79999999999999
952,19.499999999999996
953,21.799999999999997
954,22.599999999999994
955,21.299999999999997
956,18.300000000000004
957,16.099999999999973
958,20.299999999999965
959,22.199999999999992
960,19.500000000000004
961,20.699999999999996
962,16.90000000000002
963,13.000000000000018
964,23.399999999999988
965,18.0
966,23.399999999999977
967,16.50000000000001
968,21.799999999999994
969,21.3
970,13.500000000000005
971,14.400000000000004
972,22.1
973,26.299999999999997
974,20.39999999999999
975,21.499999999999996
976,20.79999999999999
977,21.09999999999999
978,26.099999999999994
979,14.399999999999999
980,18.19999999999999
981,20.19999999999997
982,14.900000000000022
983,15.199999999999994
984,24.4
985,23.29999999999999
986,22.59999999999998
987,25.599999999999973
988,19.2
989,21.29999999999999
990,22.699999999999996
991,21.499999999999993
992,7.700000000000024
993,22.900000000000002
994,21.499999999999964
995,22.6
996,23.79999999999999
997,15.800000000000004
998,13.300000000000013
999,19.1
1000,21.69999999999999
1001,22.099999999999987
1002,10.800000000000008
1003,22.1
1004,17.000000000000004
1005,9.600000000000016
1006,22.399999999999984
1007,20.7
1008,15.000000000000002
1009,9.500000000000002
1010,23.1
1011,22.599999999999994
1012,20.400000000000006
1013,21.29999999999999
1014,26.799999999999997
1015,22.099999999999987
1016,25.099999999999987
1017,-3.299999999999976
1018,21.599999999999994
1019,21.299999999999994
1020,25.499999999999982
1021,23.599999999999977
1022,22.099999999999987
1023,25.899999999999988
1024,22.099999999999987
1025,21.2
1026,22.999999999999982
1027,22.29999999999999
1028,23.19999999999999
1029,17.1
1030,19.299999999999976
1031,20.19999999999999
1032,21.69999999999999
1033,22.299999999999997
1034,18.800000000000008
1035,14.500000000000002
1036,7.100000000000006
1037,21.29999999999999
1038,21.0
1039,17.70000000000001
1040,17.200000000000017
1041,11.500000000000028
1042,12.400000000000018
1043,13.900000000000002
1044,16.10000000000002
1045,22.899999999999984
1046,24.7
1047,21.699999999999996
1048,18.399999999999988
1049,22.0
1050,7.599999999999996
1051,19.000000000000007
1052,22.7
1053,8.600000000000009
1054,21.599999999999998
1055,22.39999999999999
1056,21.60000000000001
1057,19.399999999999995
1058,20.000000000000004
1059,20.59999999999999
1060,22.699999999999992
1061,22.699999999999996
1062,23.099999999999994
1063,22.499999999999996
1064,19.099999999999994
1065,24.299999999999994
1066,20.200000000000003
1067,21.8
1068,19.80000000000001
1069,10.000000000000009
1070,19.799999999999997
1071,12.100000000000005
1072,23.6
1073,23.399999999999984
1074,24.200000000000003
1075,21.599999999999994
1076,22.29999999999998
1077,24.59999999999999
1078,16.20000000000002
1079,19.89999999999998
1080,24.299999999999994
1081,21.8
1082,12.70000000000002
1083,10.900000000000027
1084,17.400000000000002
1085,21.39999999999999
1086,20.39999999999999
1087,20.79999999999998
1088,21.400000000000002
1089,25.699999999999996
1090,21.099999999999994
1091,3.7000000000000335
1092,23.999999999999986
1093,23.599999999999987
1094,23.499999999999986
1095,22.29999999999999
1096,24.9
1097,15.600000000000001
1098,7.20000000000001
1099,23.199999999999985
1100,16.39999999999997
1101,19.200000000000003
1102,23.399999999999995
1103,23.4
1104,18.599999999999998
1105,21.69999999999997
1106,14.100000000000001
1107,21.499999999999993
1108,23.699999999999978
1109,14.70000000000003
1110,18.900000000000013
1111,16.899999999999956
1112,20.79999999999999
1113,9.00000000000003
1114,22.699999999999985
1115,9.20000000000002
1116,19.599999999999994
1117,15.000000000000007
1118,25.099999999999973
1119,15.600000000000021
1120,20.6
1121,17.6
1122,20.9
1123,16.70000000000002
1124,22.199999999999996
1125,-0.899999999999996
1126,14.000000000000027
1127,19.099999999999998
1128,19.999999999999964
1129,23.399999999999977
1130,22.499999999999993
1131,18.200000000000014
1132,20.799999999999955
1133,0.8999999999999994
1134,20.599999999999994
1135,18.29999999999998
1136,23.799999999999994
1137,16.30000000000002
1138,21.7
1139,21.19999999999999
1140,24.299999999999986
1141,20.399999999999995
1142,20.699999999999996
1143,21.899999999999977
1144,21.899999999999974
1145,11.000000000000028
1146,16.80000000000002
1147,16.1
1148,13.89999999999998
1149,18.700000000000003
1150,-4.6999999999999815
1151,19.2
1152,24.09999999999999
1153,22.599999999999994
1154,16.00000000000001
1155,24.49999999999999
1156,22.099999999999987
1157,22.200000000000003
1158,17.8
1159,16.99999999999996
1160,24.499999999999986
1161,23.4
1162,24.699999999999992
1163,19.89999999999999
1164,15.500000000000014
1165,25.199999999999985
1166,22.59999999999997
1167,21.499999999999996
1168,25.499999999999993
1169,16.4
1170,16.900000000000002
1171,21.9
1172,21.500000000000004
1173,22.79999999999999
1174,19.500000000000004
1175,20.39999999999999
1176,14.600000000000014
1177,21.699999999999996
1178,22.69999999999999
1179,7.8000000000000345
1180,7.00000000000003
1181,20.899999999999995
1182,1.8000000000000056
1183,15.6
1184,21.799999999999997
1185,16.200000000000017
1186,21.2
1187,19.899999999999988
1188,18.0
1189,20.4
1190,19.9
1191,4.5000000000000036
1192,25.09999999999999
1193,24.099999999999994
1194,19.70000000000001
1195,24.99999999999999
1196,12.600000000000001
1197,22.099999999999994
1198,15.100000000000017
1199,21.39999999999999
1200,15.600000000000021
1201,23.89999999999999
1202,22.299999999999997
1203,12.400000000000025
1204,22.699999999999996
1205,25.799999999999994
1206,24.799999999999997
1207,23.69999999999999
1208,21.6
1209,24.29999999999999
1210,18.799999999999997
1211,24.199999999999996
1212,16.20000000000002
1213,23.899999999999995
1214,12.400000000000007
1215,22.0
1216,21.39999999999999
1217,23.999999999999993
1218,23.299999999999997
1219,25.999999999999993
1220,19.999999999999996
1221,23.399999999999995
1222,18.700000000000003
1223,26.19999999999999
1224,11.300000000000011
1225,7.6
1226,24.399999999999984
1227,25.499999999999986
1228,13.700000000000003
1229,25.69999999999999
1230,25.799999999999997
1231,22.799999999999997
1232,15.20000000000002
1233,25.999999999999993
1234,25.19999999999999
1235,21.4
1236,21.799999999999997
1237,20.499999999999993
1238,14.299999999999999
1239,25.099999999999994
1240,24.999999999999986
1241,23.6
1242,25.599999999999994
1243,14.40000000000002
1244,20.6
1245,27.19999999999999
1246,12.300000000000027
1247,16.599999999999945
1248,25.999999999999986
1249,23.4
1250,9.700000000000026
1251,19.000000000000014
1252,19.500000000000007
1253,24.699999999999996
1254,20.5
1255,18.39999999999999
1256,23.199999999999996
1257,13.899999999999967
1258,22.0
1259,20.6
1260,19.79999999999999
1261,9.600000000000003
1262,21.999999999999993
1263,2.9000000000000328
1264,21.69999999999999
1265,22.29999999999999
1266,26.799999999999997
1267,24.499999999999993
1268,7.10000000000001
1269,24.599999999999998
1270,5.800000000000038
1271,23.699999999999996
1272,23.499999999999993
1273,22.0
1274,14.899999999999949
1275,14.4
1276,21.899999999999977
1277,23.89999999999999
1278,24.299999999999997
1279,24.099999999999994
1280,21.099999999999962
1281,17.199999999999996
1282,15.099999999999998
1283,14.899999999999952
1284,23.099999999999998
1285,14.200000000000022
1286,19.49999999999995
1287,12.1
1288,19.999999999999993
1289,16.89999999999997
1290,24.099999999999998
1291,21.69999999999999
1292,12.300000000000026
1293,23.499999999999993
1294,24.599999999999987
1295,23.79999999999999
1296,23.499999999999993
1297,18.900000000000006
1298,25.499999999999986
1299,22.599999999999994
1300,18.8
1301,21.4
1302,26.099999999999987
1303,18.299999999999997
1304,25.4
1305,24.699999999999996
1306,24.299999999999986
1307,24.099999999999994
1308,24.89999999999998
1309,24.0
1310,24.49999999999997
1311,20.9
1312,22.599999999999994
1313,18.2
1314,23.999999999999993
1315,23.699999999999992
1316,20.30000000000001
1317,27.099999999999987
1318,22.39999999999999
1319,20.29999999999999
1320,8.000000000000032
1321,24.79999999999999
1322,23.699999999999996
1323,22.89999999999999
1324,20.799999999999997
1325,19.299999999999997
1326,25.499999999999986
1327,24.0
1328,28.099999999999994
1329,23.700000000000003
1330,21.699999999999996
1331,23.9
1332,-0.8999999999999723
1333,24.099999999999994
1334,20.9
1335,23.099999999999994
1336,24.899999999999995
1337,14.100000000000009
1338,17.799999999999997
1339,19.900000000000006
1340,14.300000000000004
1341,22.1
1342,20.300000000000004
1343,22.899999999999995
1344,23.89999999999999
1345,24.09999999999998
1346,20.7
1347,12.00000000000002
1348,19.8
1349,23.79999999999999
1350,23.89999999999999
1351,19.6
1352,13.700000000000001
1353,21.49999999999997
1354,23.200000000000003
1355,15.70000000000002
1356,23.999999999999986
1357,1.0000000000000027
1358,20.39999999999998
1359,19.299999999999997
1360,23.199999999999992
1361,24.39999999999999
1362,23.299999999999997
1363,5.000000000000021
1364,14.8
1365,16.1
1366,17.0
1367,15.100000000000012
1368,18.5
1369,24.69999999999998
1370,23.1
1371,22.699999999999996
1372,23.999999999999996
1373,26.79999999999999
1374,23.999999999999993
1375,17.6
1376,20.6
1377,22.799999999999997
1378,27.099999999999994
1379,20.69999999999998
1380,26.09999999999999
1381,21.799999999999976
1382,16.400000000000006
1383,22.199999999999996
1384,17.400000000000002
1385,19.900000000000006
1386,23.299999999999994
1387,27.39999999999999
1388,24.199999999999992
1389,27.59999999999999
1390,22.599999999999994
1391,25.199999999999996
1392,23.199999999999996
1393,20.599999999999998
1394,21.999999999999986
1395,18.5
1396,25.4
1397,23.0
1398,23.999999999999993
1399,22.099999999999998
1400,21.799999999999994
1401,18.999999999999996
1402,23.999999999999996
1403,23.700000000000003
1404,25.4
1405,25.699999999999992
1406,26.999999999999996
1407,24.9
1408,25.999999999999993
1409,22.699999999999996
1410,22.699999999999996
1411,24.99999999999998
1412,23.0
1413,24.899999999999995
1414,23.699999999999996
1415,11.900000000000011
1416,16.400000000000006
1417,22.799999999999994
1418,13.900000000000013
1419,21.699999999999996
1420,20.6
1421,21.9
1422,22.89999999999999
1423,18.70000000000001
1424,26.599999999999987
1425,24.999999999999993
1426,21.599999999999994
1427,26.39999999999999
1428,24.599999999999994
1429,21.1
1430,23.999999999999996
1431,22.9
1432,23.0
1433,26.49999999999999
1434,24.099999999999998
1435,24.19999999999999
1436,22.499999999999996
1437,14.599999999999971
1438,23.499999999999996
1439,15.70000000000001
1440,22.4
1441,22.799999999999997
1442,20.099999999999984
1443,23.49999999999998
1444,13.300000000000022
1445,17.99999999999998
1446,16.5
1447,20.899999999999995
1448,21.29999999999997
1449,22.399999999999995
1450,24.19999999999999
1451,22.999999999999993
1452,20.200000000000003
1453,22.79999999999999
1454,24.699999999999996
1455,26.79999999999999
1456,21.499999999999993
1457,16.69999999999999
1458,24.199999999999996
1459,24.6
1460,24.499999999999986
1461,19.700000000000003
1462,20.700000000000003
1463,24.199999999999996
1464,19.5
1465,10.000000000000028
1466,24.799999999999994
1467,26.09999999999999
1468,25.7
1469,16.699999999999992
1470,21.699999999999996
1471,22.599999999999998
1472,24.39999999999999
1473,24.799999999999997
1474,25.09999999999999
1475,24.499999999999993
1476,22.199999999999992
1477,26.89999999999999
1478,23.9
1479,26.0
1480,24.399999999999995
1481,22.999999999999968
1482,23.400000000000002
1483,21.900000000000006
1484,21.799999999999997
1485,23.69999999999999
1486,26.999999999999993
1487,20.200000000000003
1488,20.300000000000004
1489,24.1
1490,21.299999999999997
1491,25.5
1492,19.800000000000004
1493,9.100000000000016
1494,26.499999999999996
1495,21.39999999999999
1496,24.499999999999993
1497,19.500000000000014
1498,22.399999999999988
1499,22.200000000000003
1500,29.99999999999998
1501,25.799999999999994
1502,21.399999999999963
1503,21.599999999999994
1504,24.299999999999997
1505,22.39999999999999
1506,23.499999999999993
1507,25.79999999999999
1508,21.09999999999996
1509,21.799999999999997
1510,23.099999999999994
1511,17.49999999999994
1512,27.39999999999999
1513,25.299999999999997
1514,25.19999999999999
1515,21.300000000000008
1516,24.19999999999999
1517,29.69999999999999
1518,25.299999999999997
1519,25.0
1520,19.900000000000002
1521,20.799999999999976
1522,23.999999999999993
1523,19.600000000000012
1524,23.599999999999994
1525,20.000000000000004
1526,17.19999999999998
1527,23.899999999999995
1528,24.9
1529,24.399999999999984
1530,14.70000000000001
1531,24.299999999999997
1532,22.799999999999997
1533,26.1
1534,24.89999999999999
1535,23.999999999999993
1536,24.799999999999983
1537,23.099999999999994
1538,22.7
1539,4.900000000000006
1540,17.900000000000013
1541,23.1
1542,23.699999999999996
1543,18.399999999999974
1544,24.599999999999984
1545,23.79999999999999
1546,22.0
1547,22.599999999999994
1548,23.1
1549,24.89999999999999
1550,13.400000000000006
1551,23.799999999999997
1552,19.800000000000004
1553,18.199999999999957
1554,19.09999999999995
1555,15.799999999999956
1556,18.7
1557,19.899999999999967
1558,24.199999999999992
1559,23.099999999999998
1560,19.200000000000003
1561,16.099999999999955
1562,11.000000000000012
1563,24.4
1564,23.699999999999996
1565,21.599999999999984
1566,19.2
1567,22.999999999999993
1568,21.399999999999995
1569,15.900000000000023
1570,25.2
1571,23.099999999999984
1572,23.69999999999999
1573,25.799999999999997
1574,5.400000000000014
1575,23.299999999999994
1576,24.499999999999993
1577,20.10000000000001
1578,25.89999999999999
1579,24.499999999999993
1580,3.600000000000037
1581,22.699999999999996
1582,26.59999999999999
1583,19.900000000000006
1584,20.199999999999985
1585,14.899999999999945
1586,12.400000000000006
1587,19.6
1588,21.999999999999986
1589,9.600000000000005
1590,12.500000000000002
1591,18.000000000000018
1592,22.099999999999994
1593,19.800000000000008
1594,23.999999999999993
1595,19.699999999999996
1596,19.19999999999994
1597,20.9
1598,10.299999999999994
1599,16.100000000000005
1600,23.7
1601,17.400000000000006
1602,22.099999999999994
1603,21.699999999999996
1604,27.5
1605,18.70000000000001
1606,3.9000000000000012
1607,24.899999999999995
1608,23.79999999999999
1609,20.9
1610,17.799999999999983
1611,22.099999999999998
1612,24.499999999999993
1613,20.400000000000006
1614,20.6
1615,28.199999999999996
1616,22.29999999999999
1617,22.0
1618,22.5
1619,22.400000000000006
1620,24.599999999999998
1621,15.900000000000016
1622,25.19999999999999
1623,24.499999999999986
1624,21.799999999999997
1625,26.599999999999987
1626,24.4
1627,24.9
1628,26.9
1629,22.099999999999994
1630,13.000000000000025
1631,25.09999999999998
1632,23.599999999999998
1633,20.000000000000007
1634,19.900000000000002
1635,15.400000000000016
1636,20.899999999999995
1637,24.099999999999994
1638,19.6
1639,24.499999999999993
1640,25.799999999999997
1641,25.1
1642,19.19999999999999
1643,18.400000000000013
1644,12.400000000000006
1645,27.4
1646,20.300000000000008
1647,22.1
1648,24.299999999999997
1649,24.6
1650,21.69999999999999
1651,22.899999999999995
1652,15.099999999999994
1653,21.699999999999996
1654,21.700000000000003
1655,19.099999999999994
1656,22.499999999999993
1657,23.899999999999995
1658,24.79999999999999
1659,20.10000000000001
1660,24.399999999999995
1661,23.099999999999998
1662,22.49999999999999
1663,12.20000000000002
1664,23.199999999999996
1665,24.39999999999999
1666,22.599999999999998
1667,19.6
1668,13.299999999999999
1669,24.79999999999999
1670,21.39999999999999
1671,19.699999999999953
1672,16.100000000000016
1673,24.699999999999996
1674,25.499999999999993
1675,21.599999999999998
1676,28.1
1677,24.499999999999996
1678,29.599999999999994
1679,22.299999999999994
1680,23.09999999999999
1681,3.900000000000009
1682,25.29999999999999
1683,25.799999999999997
1684,18.0
1685,27.799999999999997
1686,24.29999999999999
1687,10.900000000000027
1688,23.400000000000002
1689,21.09999999999998
1690,28.699999999999996
1691,23.1
1692,27.699999999999992
1693,27.4
1694,18.89999999999999
1695,21.599999999999994
1696,23.4
1697,25.499999999999993
1698,22.600000000000005
1699,18.699999999999957
1700,10.70000000000002
1701,19.799999999999997
1702,23.9
1703,22.299999999999986
1704,21.4
1705,22.1
1706,20.500000000000004
1707,18.099999999999994
1708,24.49999999999998
1709,17.000000000000007
1710,23.999999999999996
1711,11.799999999999997
1712,11.300000000000017
1713,27.4
1714,25.299999999999983
1715,23.0
1716,22.19999999999999
1717,25.499999999999993
1718,22.499999999999986
1719,26.999999999999993
1720,26.799999999999997
1721,19.70000000000001
1722,23.299999999999983
1723,17.80000000000001
1724,17.699999999999946
1725,10.899999999999999
1726,23.799999999999997
1727,14.300000000000011
1728,26.9
1729,23.400000000000002
1730,20.5
1731,20.200000000000003
1732,18.400000000000006
1733,10.699999999999998
1734,10.500000000000009
1735,24.199999999999996
1736,25.3
1737,14.800000000000002
1738,24.39999999999999
1739,20.799999999999997
1740,8.900000000000025
1741,22.799999999999994
1742,24.899999999999995
1743,23.59999999999999
1744,20.5
1745,18.8
1746,16.799999999999947
1747,23.9
1748,13.299999999999999
1749,21.9
1750,24.19999999999999
1751,25.69999999999998
1752,19.699999999999974
1753,23.59999999999999
1754,18.499999999999964
1755,14.500000000000014
1756,19.999999999999996
1757,23.799999999999994
1758,22.89999999999999
1759,7.200000000000033
1760,22.6
1761,18.39999999999996
1762,17.000000000000014
1763,22.5
1764,22.099999999999987
1765,21.900000000000006
1766,25.599999999999987
1767,21.0
1768,16.299999999999997
1769,25.4
1770,23.399999999999995
1771,23.399999999999984
1772,24.9
1773,15.199999999999998
1774,18.4
1775,21.000000000000004
1776,18.1
1777,22.399999999999977
1778,17.700000000000017
1779,26.999999999999993
1780,20.800000000000008
1781,22.299999999999997
1782,24.79999999999998
1783,20.699999999999967
1784,22.099999999999994
1785,24.79999999999999
1786,13.000000000000005
1787,23.799999999999994
1788,25.599999999999994
1789,17.199999999999992
1790,4.000000000000043
1791,24.300000000000004
1792,18.00000000000001
1793,17.599999999999966
1794,24.8
1795,14.800000000000017
1796,23.199999999999992
1797,23.099999999999998
1798,22.79999999999999
1799,17.400000000000002
1800,20.4
1801,21.4
1802,24.099999999999998
1803,20.59999999999998
1804,23.4
1805,25.499999999999993
1806,24.399999999999984
1807,22.499999999999996
1808,18.099999999999987
1809,22.800000000000004
1810,24.4
1811,23.199999999999996
1812,23.499999999999996
1813,22.099999999999994
1814,28.199999999999996
1815,26.49999999999999
1816,24.599999999999994
1817,12.499999999999986
1818,11.700000000000014
1819,24.2
1820,20.9
1821,21.4
1822,24.999999999999996
1823,23.800000000000004
1824,24.599999999999998
1825,18.300000000000008
1826,26.599999999999998
1827,21.9
1828,25.299999999999997
1829,22.499999999999996
1830,23.899999999999988
1831,17.9
1832,23.699999999999992
1833,22.7
1834,25.499999999999993
1835,24.099999999999994
1836,24.699999999999996
1837,23.799999999999986
1838,20.699999999999996
1839,22.799999999999997
1840,22.89999999999999
1841,22.599999999999973
1842,25.1
1843,22.799999999999976
1844,19.9
1845,25.199999999999992
1846,22.099999999999994
1847,21.999999999999993
1848,25.499999999999993
1849,24.39999999999999
1850,25.4
1851,11.500000000000007
1852,22.79999999999999
1853,20.800000000000004
1854,17.600000000000012
1855,24.799999999999994
1856,23.9
1857,24.099999999999994
1858,24.9
1859,23.299999999999997
1860,24.999999999999996
1861,15.799999999999999
1862,23.099999999999994
1863,25.999999999999996
1864,23.7
1865,22.499999999999993
1866,23.89999999999999
1867,16.100000000000016
1868,22.499999999999993
1869,21.69999999999999
1870,20.1
1871,25.29999999999998
1872,25.89999999999999
1873,20.9
1874,23.699999999999996
1875,24.499999999999993
1876,24.299999999999976
1877,24.399999999999984
1878,24.29999999999999
1879,26.2
1880,22.19999999999999
1881,22.99999999999999
1882,15.600000000000003
1883,21.599999999999994
1884,18.400000000000002
1885,19.499999999999993
1886,15.70000000000002
1887,22.19999999999999
1888,26.299999999999994
1889,15.400000000000006
1890,24.1
1891,19.60000000000001
1892,22.699999999999996
1893,23.3
1894,22.199999999999996
1895,23.799999999999997
1896,22.499999999999993
1897,27.099999999999994
1898,22.7
1899,19.1
1900,5.600000000000001
1901,25.399999999999988
1902,22.099999999999998
1903,24.59999999999999
1904,22.699999999999996
1905,23.1
1906,22.099999999999998
1907,24.19999999999999
1908,21.29999999999996
1909,24.799999999999997
1910,24.699999999999996
1911,21.39999999999999
1912,23.099999999999994
1913,21.5
1914,25.299999999999994
1915,23.299999999999997
1916,20.900000000000006
1917,24.599999999999994
1918,21.6
1919,22.699999999999996
1920,11.200000000000005
1921,18.199999999999996
1922,23.099999999999987
1923,25.499999999999993
1924,-10.49999999999997
1925,22.499999999999993
1926,17.100000000000016
1927,23.99999999999999
1928,22.899999999999988
1929,23.499999999999986
1930,19.39999999999999
1931,20.0
1932,20.4
1933,21.599999999999994
1934,21.399999999999995
1935,19.3
1936,24.19999999999999
1937,25.099999999999987
1938,22.499999999999996
1939,21.999999999999996
1940,21.999999999999993
1941,26.199999999999996
1942,24.799999999999997
1943,23.999999999999993
1944,24.699999999999996
1945,8.700000000000015
1946,23.499999999999993
1947,18.70000000000001
1948,20.1
1949,20.499999999999954
1950,24.699999999999996
1951,19.799999999999997
1952,15.300000000000018
1953,25.4
1954,18.69999999999995
1955,21.20000000000001
1956,20.6
1957,22.29999999999999
1958,17.700000000000017
1959,23.7
1960,22.599999999999994
1961,26.699999999999996
1962,24.799999999999997
1963,23.59999999999998
1964,13.799999999999992
1965,22.0
1966,22.199999999999996
1967,23.3
1968,21.699999999999996
1969,23.700000000000003
1970,28.799999999999997
1971,23.199999999999985
1972,19.0
1973,20.999999999999996
1974,23.199999999999996
1975,5.900000000000013
1976,27.699999999999992
1977,25.299999999999997
1978,24.599999999999994
1979,27.19999999999999
1980,22.999999999999996
1981,23.4
1982,-1.499999999999998
1983,24.499999999999993
1984,22.999999999999993
1985,22.79999999999999
1986,23.999999999999993
1987,22.3
1988,24.199999999999985
1989,23.1
1990,22.799999999999997
1991,17.700000000000003
1992,23.899999999999995
1993,25.099999999999994
1994,22.799999999999994
1995,23.499999999999993
1996,23.29999999999999
1997,24.29999999999999
1998,26.799999999999997
1999,22.499999999999993
2000,25.699999999999985
2001,25.099999999999994
2002,26.999999999999993
2003,20.89999999999996
2004,18.099999999999994
2005,21.000000000000004
2006,25.1
2007,-17.600000000000037
2008,25.0
2009,22.399999999999995
2010,25.9
2011,17.399999999999984
2012,21.699999999999967
2013,15.399999999999961
2014,21.39999999999999
2015,24.599999999999994
2016,24.699999999999996
2017,26.7
2018,16.4
2019,23.799999999999994
2020,24.3
2021,14.600000000000001
2022,25.799999999999997
2023,12.000000000000027
2024,23.9
2025,27.699999999999996
2026,25.4
2027,24.499999999999996
2028,25.7
2029,10.900000000000007
2030,24.899999999999995
2031,26.399999999999977
2032,24.399999999999984
2033,19.900000000000002
2034,23.399999999999988
2035,23.699999999999992
2036,23.299999999999997
2037,24.099999999999994
2038,2.8000000000000065
2039,18.299999999999997
2040,19.60000000000001
2041,25.39999999999999
2042,27.999999999999993
2043,22.599999999999987
2044,20.999999999999986
2045,10.50000000000003
2046,26.69999999999998
2047,24.700000000000003
2048,21.799999999999997
2049,21.099999999999994
2050,26.499999999999996
2051,25.0
2052,18.19999999999998
2053,17.299999999999997
2054,20.299999999999997
2055,4.000000000000032
2056,21.499999999999993
2057,21.79999999999999
2058,23.5
2059,24.9
2060,18.300000000000004
2061,21.39999999999999
2062,28.099999999999994
2063,16.699999999999996
2064,21.499999999999996
2065,19.400000000000006
2066,25.699999999999978
2067,20.00000000000001
2068,24.19999999999998
2069,23.7
2070,22.099999999999994
2071,20.0
2072,18.900000000000006
2073,17.29999999999999
2074,25.799999999999994
2075,10.700000000000019
2076,2.9000000000000146
2077,22.89999999999999
2078,29.099999999999994
2079,25.399999999999974
2080,25.4
2081,23.099999999999998
2082,20.700000000000003
2083,24.1
2084,22.2
2085,23.499999999999996
2086,24.799999999999997
2087,17.000000000000014
2088,15.10000000000002
2089,17.700000000000006
2090,23.999999999999993
2091,13.599999999999975
2092,21.59999999999997
2093,25.099999999999994
2094,27.0
2095,6.20000000000001
2096,24.2
2097,26.399999999999995
2098,21.6
2099,18.999999999999996
2100,23.9
2101,21.6
2102,16.900000000000013
2103,10.199999999999998
2104,23.300000000000004
2105,19.800000000000004
2106,12.500000000000021
2107,25.799999999999997
2108,22.499999999999996
2109,21.899999999999995
2110,24.699999999999996
2111,25.299999999999983
2112,9.500000000000028
2113,20.399999999999977
2114,19.6
2115,22.6
2116,25.699999999999996
2117,25.09999999999999
2118,21.3
2119,22.0
2120,19.500000000000007
2121,22.49999999999999
2122,21.999999999999993
2123,23.099999999999987
2124,27.399999999999995
2125,18.300000000000008
2126,20.7
2127,22.699999999999992
2128,23.799999999999976
2129,25.499999999999993
2130,22.499999999999993
2131,26.19999999999999
2132,14.100000000000017
2133,16.5
2134,22.099999999999987
2135,-1.499999999999981
2136,15.500000000000016
2137,13.099999999999994
2138,21.999999999999996
2139,23.799999999999997
2140,25.299999999999994
2141,12.6
2142,24.099999999999987
2143,23.599999999999987
2144,13.600000000000023
2145,24.39999999999999
2146,26.79999999999999
2147,17.00000000000001
2148,24.89999999999999
2149,25.7
2150,13.40000000000001
2151,22.5
2152,21.599999999999994
2153,14.500000000000009
2154,27.799999999999994
2155,22.100000000000005
2156,22.499999999999993
2157,25.999999999999986
2158,17.799999999999997
2159,19.09999999999995
2160,26.09999999999999
2161,20.800000000000004
2162,-2.8999999999999706
2163,20.6
2164,15.200000000000015
2165,25.699999999999996
2166,20.9
2167,20.900000000000002
2168,9.80000000000003
2169,21.699999999999996
2170,18.700000000000003
2171,19.500000000000004
2172,22.9
2173,23.0
2174,19.5
2175,23.4
2176,20.399999999999988
2177,22.199999999999996
2178,24.199999999999985
2179,15.700000000000003
2180,23.299999999999997
2181,22.2
2182,23.699999999999996
2183,24.199999999999996
2184,22.599999999999994
2185,20.29999999999996
2186,24.499999999999993
2187,26.599999999999994
2188,23.299999999999976
2189,21.499999999999996
2190,26.1
2191,24.5
2192,23.599999999999998
2193,22.199999999999996
2194,0.5000000000000276
2195,21.399999999999984
2196,22.599999999999987
2197,23.19999999999997
2198,16.80000000000001
2199,15.800000000000002
2200,25.099999999999998
2201,14.00000000000001
2202,23.799999999999997
2203,25.899999999999988
2204,12.300000000000027
2205,24.799999999999994
2206,25.4
2207,14.700000000000024
2208,23.699999999999996
2209,26.399999999999995
2210,20.699999999999996
2211,24.99999999999999
2212,21.099999999999984
2213,21.49999999999999
2214,17.400000000000002
2215,26.1
2216,25.599999999999994
2217,24.699999999999996
2218,23.300000000000004
2219,24.199999999999996
2220,23.099999999999987
2221,27.799999999999997
2222,21.199999999999996
2223,23.999999999999996
2224,14.1
2225,14.999999999999956
2226,25.499999999999993
2227,12.000000000000004
2228,25.399999999999995
2229,22.49999999999998
2230,26.79999999999999
2231,26.29999999999999
2232,24.89999999999999
2233,24.499999999999993
2234,22.099999999999998
2235,27.399999999999984
2236,25.400000000000002
2237,20.999999999999993
2238,4.900000000000032
2239,23.5
2240,23.099999999999998
2241,25.099999999999994
2242,15.600000000000003
2243,21.899999999999995
2244,27.799999999999997
2245,23.799999999999997
2246,23.19999999999999
2247,22.9
2248,24.499999999999986
2249,25.699999999999996
2250,22.099999999999994
2251,25.89999999999999
2252,5.199999999999999
2253,21.599999999999994
2254,21.19999999999999
2255,11.20000000000003
2256,21.5
2257,23.899999999999984
2258,26.899999999999977
2259,23.599999999999994
2260,23.1
2261,16.79999999999997
2262,23.299999999999997
2263,16.499999999999957
2264,22.599999999999998
2265,19.099999999999994
2266,24.999999999999996
2267,26.69999999999999
2268,20.19999999999999
2269,24.39999999999999
2270,26.999999999999986
2271,25.29999999999999
2272,22.499999999999996
2273,26.599999999999994
2274,16.1
2275,23.699999999999996
2276,20.2
2277,13.799999999999946
2278,20.299999999999997
2279,22.89999999999999
2280,15.700000000000003
2281,24.19999999999999
2282,18.40000000000002
2283,18.899999999999956
2284,18.79999999999996
2285,22.999999999999996
2286,22.69999999999999
2287,25.099999999999994
2288,21.999999999999986
2289,24.899999999999995
2290,23.299999999999997
2291,25.499999999999993
2292,23.599999999999998
2293,19.99999999999998
2294,16.89999999999997
2295,26.200000000000003
2296,17.599999999999973
2297,21.89999999999999
2298,23.89999999999999
2299,14.000000000000002
2300,25.49999999999999
2301,21.4
2302,27.200000000000003
2303,17.100000000000016
2304,22.299999999999997
2305,20.69999999999998
2306,21.39999999999999
2307,28.199999999999996
2308,25.699999999999992
2309,21.700000000000003
2310,22.8
2311,21.8
2312,21.099999999999994
2313,22.599999999999994
2314,21.199999999999996
2315,24.200000000000003
2316,2.4000000000000004
2317,20.59999999999997
2318,26.3
2319,24.499999999999993
2320,23.1
2321,24.3
2322,14.100000000000001
2323,23.5
2324,24.199999999999996
2325,23.199999999999996
2326,26.799999999999997
2327,27.799999999999997
2328,24.599999999999994
2329,23.799999999999997
2330,24.299999999999986
2331,23.499999999999986
2332,13.700000000000005
2333,23.599999999999994
2334,26.09999999999999
2335,25.29999999999999
2336,27.59999999999999
2337,21.199999999999996
2338,21.89999999999999
2339,24.299999999999997
2340,25.9
2341,29.59999999999999
2342,21.6
2343,25.29999999999999
2344,21.8
2345,20.19999999999996
2346,23.9
2347,20.499999999999968
2348,21.4
2349,19.099999999999998
2350,16.30000000000002
2351,23.79999999999999
2352,21.900000000000006
2353,23.79999999999999
2354,20.39999999999999
2355,20.700000000000003
2356,13.800000000000022
2357,20.5
2358,22.4
2359,23.199999999999996
2360,22.69999999999999
2361,23.499999999999993
2362,25.199999999999996
2363,13.200000000000008
2364,23.499999999999993
2365,21.300000000000004
2366,25.9
2367,21.500000000000004
2368,25.09999999999998
2369,25.599999999999994
2370,26.29999999999999
2371,24.4
2372,18.399999999999995
2373,21.399999999999967
2374,24.699999999999996
2375,25.79999999999999
2376,23.29999999999997
2377,12.300000000000026
2378,24.19999999999998
2379,10.500000000000009
2380,21.3
2381,23.199999999999996
2382,15.300000000000017
2383,23.899999999999995
2384,22.0
2385,25.29999999999999
2386,19.199999999999967
2387,25.39999999999999
2388,21.800000000000004
2389,23.399999999999995
2390,22.499999999999993
2391,27.49999999999999
2392,21.699999999999974
2393,21.599999999999994
2394,25.699999999999996
2395,10.800000000000006
2396,15.600000000000009
2397,22.599999999999994
2398,23.699999999999985
2399,24.0
2400,24.499999999999986
2401,21.999999999999996
2402,26.79999999999999
2403,19.899999999999995
2404,22.999999999999996
2405,23.0
2406,23.3
2407,23.699999999999996
2408,5.399999999999995
2409,24.199999999999996
2410,23.69999999999998
2411,22.299999999999986
2412,20.89999999999998
2413,21.200000000000003
2414,18.3
2415,20.1
2416,21.099999999999998
2417,21.49999999999998
2418,14.90000000000001
2419,25.2
2420,22.099999999999998
2421,21.9
2422,24.99999999999999
2423,23.599999999999994
2424,19.59999999999999
2425,21.000000000000007
2426,10.900000000000002
2427,20.300000000000004
2428,26.399999999999988
2429,27.999999999999993
2430,26.19999999999999
2431,17.300000000000004
2432,21.49999999999999
2433,24.499999999999993
2434,22.699999999999996
2435,8.400000000000011
2436,25.099999999999998
2437,26.5
2438,21.700000000000003
2439,21.299999999999983
2440,27.499999999999996
2441,23.39999999999999
2442,19.79999999999999
2443,15.000000000000005
2444,26.999999999999993
2445,3.8000000000000345
2446,15.500000000000018
2447,22.099999999999994
2448,22.999999999999996
2449,22.4
2450,19.9
2451,22.9
2452,2.2000000000000197
2453,25.199999999999996
2454,25.900000000000002
2455,28.89999999999999
2456,21.799999999999997
2457,19.6
2458,25.999999999999996
2459,23.199999999999996
2460,19.79999999999999
2461,21.899999999999995
2462,20.500000000000004
2463,20.599999999999998
2464,17.89999999999997
2465,22.799999999999997
2466,20.89999999999999
2467,24.19999999999999
2468,25.299999999999997
2469,21.39999999999998
2470,21.200000000000003
2471,7.800000000000011
2472,25.199999999999985
2473,9.900000000000018
2474,11.800000000000002
2475,24.999999999999986
2476,26.199999999999992
2477,24.899999999999984
2478,24.000000000000007
2479,15.89999999999996
2480,10.30000000000003
2481,21.700000000000003
2482,22.599999999999994
2483,23.000000000000007
2484,24.3
2485,16.20000000000001
2486,23.99999999999999
2487,23.099999999999994
2488,23.5
2489,8.500000000000012
2490,12.800000000000004
2491,22.699999999999996
2492,26.79999999999999
2493,21.200000000000003
2494,19.89999999999997
2495,21.500000000000007
2496,16.5
2497,18.1
2498,19.80000000000001
2499,20.700000000000003
2500,18.700000000000014
2501,24.499999999999996
2502,24.1
2503,21.999999999999986
2504,21.3
2505,23.999999999999996
2506,23.899999999999988
2507,20.1
2508,14.900000000000018
2509,17.7
2510,20.6
2511,19.100000000000016
2512,21.4
2513,25.49999999999999
2514,22.299999999999994
2515,23.199999999999996
2516,11.900000000000002
2517,19.699999999999996
2518,16.10000000000002
2519,16.000000000000007
2520,23.099999999999994
2521,27.3
2522,20.8
2523,24.799999999999994
2524,13.099999999999984
2525,22.49999999999999
2526,26.099999999999994
2527,7.20000000000004
2528,17.499999999999957
2529,13.200000000000006
2530,13.200000000000015
2531,23.599999999999984
2532,22.89999999999999
2533,26.999999999999993
2534,24.999999999999996
2535,24.199999999999996
2536,22.799999999999994
2537,23.19999999999998
2538,23.299999999999983
2539,23.499999999999986
2540,17.5
2541,19.000000000000014
2542,23.4
2543,25.300000000000004
2544,25.89999999999999
2545,25.79999999999998
2546,15.20000000000002
2547,21.599999999999994
2548,22.999999999999986
2549,19.2
2550,21.099999999999994
2551,21.299999999999976
2552,17.900000000000013
2553,16.500000000000014
2554,22.799999999999997
2555,20.199999999999985
2556,22.200000000000003
2557,16.600000000000005
2558,23.299999999999994
2559,25.699999999999992
2560,25.49999999999997
2561,21.9
2562,23.599999999999987
2563,23.399999999999984
2564,20.39999999999999
2565,20.99999999999999
2566,25.999999999999993
2567,24.69999999999999
2568,21.699999999999996
2569,15.800000000000017
2570,16.000000000000014
2571,19.499999999999968
2572,26.2
2573,20.30000000000001
2574,9.000000000000028
2575,18.500000000000007
2576,23.599999999999973
2577,18.200000000000003
2578,22.699999999999992
2579,24.699999999999996
2580,22.5
2581,18.600000000000012
2582,14.500000000000004
2583,26.799999999999994
2584,5.800000000000001
2585,11.400000000000025
2586,16.699999999999996
2587,19.09999999999999
2588,21.899999999999995
2589,20.499999999999996
2590,8.1
2591,26.49999999999999
2592,16.89999999999995
2593,17.800000000000004
2594,23.79999999999999
2595,26.29999999999999
2596,24.19999999999999
2597,16.8
2598,24.099999999999998
2599,23.099999999999994
2600,7.800000000000006
2601,24.19999999999999
2602,22.39999999999999
2603,25.99999999999999
2604,20.700000000000003
2605,12.500000000000025
2606,19.799999999999997
2607,16.500000000000014
2608,14.200000000000017
2609,25.09999999999999
2610,23.0
2611,20.799999999999976
2612,14.200000000000017
2613,24.599999999999987
2614,24.79999999999999
2615,24.299999999999976
2616,23.099999999999998
2617,7.000000000000032
2618,23.099999999999973
2619,22.799999999999997
2620,21.5
2621,-6.59999999999998
2622,24.19999999999999
2623,21.299999999999965
2624,22.700000000000003
2625,22.1
2626,13.800000000000015
2627,22.699999999999996
2628,17.499999999999986
2629,8.800000000000027
2630,27.199999999999996
2631,26.999999999999996
2632,16.299999999999905
2633,23.399999999999984
2634,27.499999999999986
2635,24.999999999999993
2636,27.79999999999999
2637,25.399999999999995
2638,24.599999999999987
2639,26.499999999999993
2640,25.89999999999999
2641,5.0000000000000036
2642,23.699999999999978
2643,17.89999999999995
2644,22.4
2645,27.49999999999999
2646,23.89999999999999
2647,24.9
2648,-1.400000000000006
2649,10.9
2650,21.5
2651,23.5
2652,22.799999999999994
2653,21.19999999999999
2654,24.199999999999996
2655,26.099999999999994
2656,24.999999999999996
2657,6.000000000000012
2658,-6.899999999999979
2659,25.199999999999996
2660,18.599999999999966
2661,26.699999999999992
2662,9.700000000000012
2663,23.799999999999994
2664,19.200000000000003
2665,21.5
2666,20.99999999999999
2667,24.999999999999986
2668,25.89999999999997
2669,22.6
2670,19.1
2671,19.500000000000004
2672,21.59999999999999
2673,21.600000000000005
2674,23.999999999999986
2675,19.499999999999993
2676,23.199999999999996
2677,23.799999999999997
2678,26.699999999999992
2679,21.79999999999996
2680,24.099999999999994
2681,18.200000000000006
2682,9.000000000000018
2683,18.1
2684,15.900000000000011
2685,22.699999999999996
2686,22.4
2687,24.199999999999996
2688,21.4
2689,24.099999999999994
2690,16.900000000000013
2691,19.299999999999997
2692,26.999999999999986
2693,24.499999999999986
2694,3.7000000000000175
2695,8.000000000000039
2696,16.700000000000006
2697,9.200000000000008
2698,11.399999999999999
2699,21.9
2700,25.89999999999999
2701,22.6
2702,26.59999999999999
2703,23.499999999999993
2704,21.999999999999993
2705,9.999999999999995
2706,23.9
2707,25.699999999999992
2708,22.399999999999995
2709,26.099999999999994
2710,24.899999999999995
2711,19.799999999999994
2712,26.199999999999996
2713,21.299999999999972
2714,17.000000000000007
2715,19.900000000000006
2716,17.50000000000002
2717,25.999999999999993
2718,19.5
2719,27.299999999999976
2720,26.4
2721,24.09999999999998
2722,23.599999999999998
2723,23.199999999999996
2724,18.999999999999964
2725,22.49999999999999
2726,18.599999999999966
2727,24.399999999999995
2728,23.79999999999999
2729,21.499999999999993
2730,11.300000000000008
2731,22.39999999999999
2732,13.999999999999995
2733,-2.699999999999985
2734,20.8
2735,14.799999999999992
2736,17.899999999999984
2737,12.5
2738,14.600000000000016
2739,1.4999999999999991
2740,8.60000000000001
2741,-1.999999999999989
2742,22.09999999999998
2743,23.1
2744,18.500000000000007
2745,24.99999999999999
2746,22.69999999999999
2747,14.000000000000007
2748,15.8
2749,19.699999999999996
2750,17.1
2751,15.00000000000002
2752,21.599999999999998
2753,19.19999999999999
2754,23.899999999999995
2755,21.499999999999968
2756,13.09999999999999
2757,21.400000000000002
2758,6.600000000000028
2759,20.6
2760,21.700000000000003
2761,14.200000000000019
2762,10.199999999999998
2763,24.099999999999994
2764,22.49999999999997
2765,24.799999999999994
2766,23.79999999999999
2767,24.9
2768,21.900000000000006
2769,17.00000000000001
2770,18.10000000000001
2771,15.600000000000017
2772,9.000000000000021
2773,28.09999999999999
2774,21.0
2775,26.299999999999983
2776,20.9
2777,20.900000000000006
2778,22.4
2779,18.900000000000006
2780,10.70000000000001
2781,0.5000000000000087
2782,11.400000000000007
2783,22.999999999999993
2784,25.29999999999997
2785,12.100000000000026
2786,16.80000000000001
2787,22.299999999999997
2788,27.599999999999987
2789,24.299999999999983
2790,21.799999999999983
2791,22.599999999999998
2792,23.79999999999999
2793,24.099999999999998
2794,10.20000000000001
2795,22.699999999999992
2796,5.1000000000000085
2797,24.099999999999998
2798,15.600000000000001
2799,22.099999999999987
2800,25.299999999999997
2801,23.300000000000004
2802,19.800000000000004
2803,21.399999999999988
2804,15.20000000000002
2805,18.30000000000001
2806,17.50000000000001
2807,24.699999999999996
2808,22.900000000000002
2809,26.49999999999999
2810,20.799999999999997
2811,26.299999999999983
2812,22.59999999999999
2813,23.099999999999994
2814,20.999999999999986
2815,19.39999999999996
2816,22.1
2817,25.799999999999983
2818,26.799999999999986
2819,18.199999999999967
2820,20.000000000000004
2821,23.199999999999996
2822,11.200000000000026
2823,23.59999999999997
2824,23.19999999999999
2825,19.5
2826,24.1
2827,12.600000000000025
2828,23.699999999999985
2829,23.099999999999973
2830,7.600000000000008
2831,10.50000000000001
2832,8.20000000000003
2833,17.50000000000001
2834,19.299999999999994
2835,22.5
2836,19.500000000000007
2837,0.7999999999999937
2838,23.79999999999999
2839,12.900000000000002
2840,23.399999999999988
2841,21.599999999999998
2842,17.6
2843,3.800000000000008
2844,14.30000000000001
2845,18.500000000000007
2846,22.599999999999994
2847,10.400000000000029
2848,16.5
2849,25.599999999999984
2850,16.100000000000016
2851,21.49999999999999
2852,22.699999999999996
2853,20.49999999999997
2854,20.799999999999983
2855,12.70000000000002
2856,11.300000000000024
2857,10.300000000000013
2858,18.000000000000014
2859,19.299999999999994
2860,19.700000000000006
2861,24.400000000000006
2862,20.299999999999997
2863,11.500000000000025
2864,20.699999999999996
2865,24.59999999999999
2866,2.500000000000022
2867,18.400000000000006
2868,18.000000000000004
2869,17.99999999999995
2870,19.60000000000001
2871,24.19999999999999
2872,8.899999999999999
2873,21.1
2874,22.499999999999993
2875,22.19999999999999
2876,24.199999999999996
2877,-22.000000000000043
2878,11.100000000000026
2879,12.599999999999985
2880,10.800000000000022
2881,11.900000000000016
2882,14.30000000000002
2883,12.100000000000012
2884,22.499999999999986
2885,-13.499999999999966
2886,19.300000000000004
2887,24.799999999999983
2888,18.200000000000003
2889,14.900000000000002
2890,11.900000000000013
2891,17.400000000000006
2892,3.800000000000021
2893,3.8999999999999955
2894,12.099999999999994
2895,14.70000000000001
2896,24.699999999999996
2897,13.3
2898,18.199999999999964
2899,16.09999999999995
2900,13.200000000000024
2901,24.999999999999993
2902,22.099999999999998
2903,0.9000000000000085
2904,22.099999999999994
2905,23.299999999999983
2906,20.200000000000003
2907,12.300000000000022
2908,12.30000000000002
2909,22.299999999999994
2910,26.2
2911,23.499999999999993
2912,10.900000000000023
2913,23.999999999999986
2914,23.199999999999992
2915,20.000000000000007
2916,7.100000000000032
2917,19.799999999999997
2918,19.1
2919,21.9
2920,21.79999999999999
2921,26.999999999999986
2922,27.199999999999992
2923,22.500000000000007
2924,19.799999999999997
2925,19.499999999999996
2926,23.599999999999998
2927,22.79999999999999
2928,7.1000000000000085
2929,25.9
2930,24.800000000000004
2931,26.39999999999999
2932,18.100000000000012
2933,12.700000000000006
2934,23.699999999999996
2935,22.39999999999999
2936,28.199999999999985
2937,24.3
2938,21.900000000000002
2939,26.099999999999987
2940,22.400000000000002
2941,23.699999999999996
2942,24.599999999999994
2943,22.599999999999987
2944,12.4
2945,23.09999999999999
2946,14.49999999999999
2947,20.799999999999997
2948,17.200000000000003
2949,13.300000000000002
2950,25.899999999999988
2951,8.300000000000018
2952,19.699999999999996
2953,5.600000000000007
2954,-5.199999999999971
2955,19.0
2956,23.299999999999997
2957,11.800000000000002
2958,23.39999999999999
2959,25.199999999999985
2960,23.799999999999994
2961,20.89999999999999
2962,21.799999999999983
2963,23.39999999999999
2964,22.59999999999999
2965,17.000000000000004
2966,21.3
2967,22.799999999999983
2968,21.10000000000001
2969,13.700000000000003
2970,24.3
2971,13.2
2972,22.999999999999993
2973,22.8
2974,22.699999999999985
2975,1.6000000000000352
2976,23.000000000000004
2977,13.100000000000017
2978,23.699999999999996
2979,11.300000000000015
2980,23.19999999999999
2981,17.400000000000006
2982,25.599999999999987
2983,16.8
2984,18.500000000000007
2985,21.699999999999996
2986,14.500000000000004
2987,11.900000000000002
2988,12.800000000000018
2989,21.799999999999983
2990,-0.3999999999999908
2991,19.899999999999988
2992,24.099999999999987
2993,21.199999999999996
2994,22.699999999999996
2995,13.099999999999998
2996,3.800000000000037
2997,2.900000000000017
2998,22.599999999999987
2999,24.0
3000,21.699999999999978
